dataset,weighting,dim,modality,method,seed,metric,k,decile,group,value,fairness_scope,notes
amazon-books,bm25,128,i2i,flat,42,coverage,10,-1,__all__,0.16981537140403608,long_tail_exposure_proxy_only,
amazon-books,bm25,128,i2i,flat,42,coverage,100,-1,__all__,0.6217831306966102,long_tail_exposure_proxy_only,
amazon-books,bm25,128,i2i,flat,42,exposure_share_decile,10,0,__all__,0.05779,long_tail_exposure_proxy_only,
amazon-books,bm25,128,i2i,flat,42,exposure_share_decile,10,1,__all__,0.13517,long_tail_exposure_proxy_only,
amazon-books,bm25,128,i2i,flat,42,exposure_share_decile,10,2,__all__,0.0,long_tail_exposure_proxy_only,
amazon-books,bm25,128,i2i,flat,42,exposure_share_decile,10,3,__all__,0.15318,long_tail_exposure_proxy_only,
amazon-books,bm25,128,i2i,flat,42,exposure_share_decile,10,4,__all__,0.08571,long_tail_exposure_proxy_only,
amazon-books,bm25,128,i2i,flat,42,exposure_share_decile,10,5,__all__,0.05578,long_tail_exposure_proxy_only,
amazon-books,bm25,128,i2i,flat,42,exposure_share_decile,10,6,__all__,0.06485,long_tail_exposure_proxy_only,
amazon-books,bm25,128,i2i,flat,42,exposure_share_decile,10,7,__all__,0.06411,long_tail_exposure_proxy_only,
amazon-books,bm25,128,i2i,flat,42,exposure_share_decile,10,8,__all__,0.06787,long_tail_exposure_proxy_only,
amazon-books,bm25,128,i2i,flat,42,exposure_share_decile,10,9,__all__,0.31554,long_tail_exposure_proxy_only,
amazon-books,bm25,128,i2i,flat,42,exposure_share_group,10,-1,head,0.31414,long_tail_exposure_proxy_only,
amazon-books,bm25,128,i2i,flat,42,exposure_share_group,10,-1,mid,0.49214,long_tail_exposure_proxy_only,
amazon-books,bm25,128,i2i,flat,42,exposure_share_group,10,-1,tail,0.19372,long_tail_exposure_proxy_only,
amazon-books,bm25,128,i2i,flat,42,gini_exposure,10,-1,__all__,0.8827567848970874,long_tail_exposure_proxy_only,
amazon-books,bm25,128,i2i,flat,42,gini_exposure,100,-1,__all__,0.7047357601241365,long_tail_exposure_proxy_only,
amazon-books,bm25,128,i2i,flat,42,long_tail_exposure,10,-1,__all__,0.28222,long_tail_exposure_proxy_only,
amazon-books,bm25,128,i2i,flat,42,long_tail_exposure,100,-1,__all__,0.301852,long_tail_exposure_proxy_only,
amazon-books,bm25,128,i2i,flat,42,long_tail_uplift,10,-1,__all__,0.21410225318538245,long_tail_exposure_proxy_only,
amazon-books,bm25,128,i2i,flat,42,user_popularity_calibration_error,10,-1,__all__,1.4722955774528812,popularity_calibration_proxy,mean |log1p(rec pop) - log1p(hist pop)| per user
amazon-books,bm25,128,i2i,flatpq,42,coverage,10,-1,__all__,0.1665162969927877,long_tail_exposure_proxy_only,
amazon-books,bm25,128,i2i,flatpq,42,coverage,100,-1,__all__,0.5951378056535374,long_tail_exposure_proxy_only,
amazon-books,bm25,128,i2i,flatpq,42,exposure_share_decile,10,0,__all__,0.05963,long_tail_exposure_proxy_only,
amazon-books,bm25,128,i2i,flatpq,42,exposure_share_decile,10,1,__all__,0.14101,long_tail_exposure_proxy_only,
amazon-books,bm25,128,i2i,flatpq,42,exposure_share_decile,10,2,__all__,0.0,long_tail_exposure_proxy_only,
amazon-books,bm25,128,i2i,flatpq,42,exposure_share_decile,10,3,__all__,0.15601,long_tail_exposure_proxy_only,
amazon-books,bm25,128,i2i,flatpq,42,exposure_share_decile,10,4,__all__,0.08658,long_tail_exposure_proxy_only,
amazon-books,bm25,128,i2i,flatpq,42,exposure_share_decile,10,5,__all__,0.05449,long_tail_exposure_proxy_only,
amazon-books,bm25,128,i2i,flatpq,42,exposure_share_decile,10,6,__all__,0.06516,long_tail_exposure_proxy_only,
amazon-books,bm25,128,i2i,flatpq,42,exposure_share_decile,10,7,__all__,0.06244,long_tail_exposure_proxy_only,
amazon-books,bm25,128,i2i,flatpq,42,exposure_share_decile,10,8,__all__,0.06623,long_tail_exposure_proxy_only,
amazon-books,bm25,128,i2i,flatpq,42,exposure_share_decile,10,9,__all__,0.30845,long_tail_exposure_proxy_only,
amazon-books,bm25,128,i2i,flatpq,42,exposure_share_group,10,-1,head,0.30698,long_tail_exposure_proxy_only,
amazon-books,bm25,128,i2i,flatpq,42,exposure_share_group,10,-1,mid,0.49158999999999997,long_tail_exposure_proxy_only,
amazon-books,bm25,128,i2i,flatpq,42,exposure_share_group,10,-1,tail,0.20143,long_tail_exposure_proxy_only,
amazon-books,bm25,128,i2i,flatpq,42,gini_exposure,10,-1,__all__,0.8867340351430233,long_tail_exposure_proxy_only,
amazon-books,bm25,128,i2i,flatpq,42,gini_exposure,100,-1,__all__,0.7251046894956819,long_tail_exposure_proxy_only,
amazon-books,bm25,128,i2i,flatpq,42,long_tail_exposure,10,-1,__all__,0.2929,long_tail_exposure_proxy_only,
amazon-books,bm25,128,i2i,flatpq,42,long_tail_exposure,100,-1,__all__,0.314721,long_tail_exposure_proxy_only,
amazon-books,bm25,128,i2i,flatpq,42,long_tail_uplift,10,-1,__all__,0.22478225318538242,long_tail_exposure_proxy_only,
amazon-books,bm25,128,i2i,flatpq,42,user_popularity_calibration_error,10,-1,__all__,1.4862672453286956,popularity_calibration_proxy,mean |log1p(rec pop) - log1p(hist pop)| per user
amazon-books,bm25,128,i2i,hnsw,42,coverage,10,-1,__all__,0.16947839839992174,long_tail_exposure_proxy_only,
amazon-books,bm25,128,i2i,hnsw,42,coverage,100,-1,__all__,0.611535346837617,long_tail_exposure_proxy_only,
amazon-books,bm25,128,i2i,hnsw,42,exposure_share_decile,10,0,__all__,0.05791,long_tail_exposure_proxy_only,
amazon-books,bm25,128,i2i,hnsw,42,exposure_share_decile,10,1,__all__,0.13536,long_tail_exposure_proxy_only,
amazon-books,bm25,128,i2i,hnsw,42,exposure_share_decile,10,2,__all__,0.0,long_tail_exposure_proxy_only,
amazon-books,bm25,128,i2i,hnsw,42,exposure_share_decile,10,3,__all__,0.15359,long_tail_exposure_proxy_only,
amazon-books,bm25,128,i2i,hnsw,42,exposure_share_decile,10,4,__all__,0.08587,long_tail_exposure_proxy_only,
amazon-books,bm25,128,i2i,hnsw,42,exposure_share_decile,10,5,__all__,0.05608,long_tail_exposure_proxy_only,
amazon-books,bm25,128,i2i,hnsw,42,exposure_share_decile,10,6,__all__,0.06476,long_tail_exposure_proxy_only,
amazon-books,bm25,128,i2i,hnsw,42,exposure_share_decile,10,7,__all__,0.06395,long_tail_exposure_proxy_only,
amazon-books,bm25,128,i2i,hnsw,42,exposure_share_decile,10,8,__all__,0.0674,long_tail_exposure_proxy_only,
amazon-books,bm25,128,i2i,hnsw,42,exposure_share_decile,10,9,__all__,0.31508,long_tail_exposure_proxy_only,
amazon-books,bm25,128,i2i,hnsw,42,exposure_share_group,10,-1,head,0.31368,long_tail_exposure_proxy_only,
amazon-books,bm25,128,i2i,hnsw,42,exposure_share_group,10,-1,mid,0.49229,long_tail_exposure_proxy_only,
amazon-books,bm25,128,i2i,hnsw,42,exposure_share_group,10,-1,tail,0.19403,long_tail_exposure_proxy_only,
amazon-books,bm25,128,i2i,hnsw,42,gini_exposure,10,-1,__all__,0.8831028554114061,long_tail_exposure_proxy_only,
amazon-books,bm25,128,i2i,hnsw,42,gini_exposure,100,-1,__all__,0.7100410298221109,long_tail_exposure_proxy_only,
amazon-books,bm25,128,i2i,hnsw,42,long_tail_exposure,10,-1,__all__,0.28266,long_tail_exposure_proxy_only,
amazon-books,bm25,128,i2i,hnsw,42,long_tail_exposure,100,-1,__all__,0.303522,long_tail_exposure_proxy_only,
amazon-books,bm25,128,i2i,hnsw,42,long_tail_uplift,10,-1,__all__,0.21454225318538245,long_tail_exposure_proxy_only,
amazon-books,bm25,128,i2i,hnsw,42,user_popularity_calibration_error,10,-1,__all__,1.4750097735963061,popularity_calibration_proxy,mean |log1p(rec pop) - log1p(hist pop)| per user
amazon-books,bm25,128,i2i,ivfflat,42,coverage,10,-1,__all__,0.169195775880342,long_tail_exposure_proxy_only,
amazon-books,bm25,128,i2i,ivfflat,42,coverage,100,-1,__all__,0.608662923729965,long_tail_exposure_proxy_only,
amazon-books,bm25,128,i2i,ivfflat,42,exposure_share_decile,10,0,__all__,0.05763,long_tail_exposure_proxy_only,
amazon-books,bm25,128,i2i,ivfflat,42,exposure_share_decile,10,1,__all__,0.13491,long_tail_exposure_proxy_only,
amazon-books,bm25,128,i2i,ivfflat,42,exposure_share_decile,10,2,__all__,0.0,long_tail_exposure_proxy_only,
amazon-books,bm25,128,i2i,ivfflat,42,exposure_share_decile,10,3,__all__,0.15351,long_tail_exposure_proxy_only,
amazon-books,bm25,128,i2i,ivfflat,42,exposure_share_decile,10,4,__all__,0.08577,long_tail_exposure_proxy_only,
amazon-books,bm25,128,i2i,ivfflat,42,exposure_share_decile,10,5,__all__,0.05594,long_tail_exposure_proxy_only,
amazon-books,bm25,128,i2i,ivfflat,42,exposure_share_decile,10,6,__all__,0.06448,long_tail_exposure_proxy_only,
amazon-books,bm25,128,i2i,ivfflat,42,exposure_share_decile,10,7,__all__,0.06359,long_tail_exposure_proxy_only,
amazon-books,bm25,128,i2i,ivfflat,42,exposure_share_decile,10,8,__all__,0.06709,long_tail_exposure_proxy_only,
amazon-books,bm25,128,i2i,ivfflat,42,exposure_share_decile,10,9,__all__,0.31708,long_tail_exposure_proxy_only,
amazon-books,bm25,128,i2i,ivfflat,42,exposure_share_group,10,-1,head,0.31565,long_tail_exposure_proxy_only,
amazon-books,bm25,128,i2i,ivfflat,42,exposure_share_group,10,-1,mid,0.49103,long_tail_exposure_proxy_only,
amazon-books,bm25,128,i2i,ivfflat,42,exposure_share_group,10,-1,tail,0.19332,long_tail_exposure_proxy_only,
amazon-books,bm25,128,i2i,ivfflat,42,gini_exposure,10,-1,__all__,0.8834385716149159,long_tail_exposure_proxy_only,
amazon-books,bm25,128,i2i,ivfflat,42,gini_exposure,100,-1,__all__,0.711820182161084,long_tail_exposure_proxy_only,
amazon-books,bm25,128,i2i,ivfflat,42,long_tail_exposure,10,-1,__all__,0.28207,long_tail_exposure_proxy_only,
amazon-books,bm25,128,i2i,ivfflat,42,long_tail_exposure,100,-1,__all__,0.302113,long_tail_exposure_proxy_only,
amazon-books,bm25,128,i2i,ivfflat,42,long_tail_uplift,10,-1,__all__,0.2139522531853824,long_tail_exposure_proxy_only,
amazon-books,bm25,128,i2i,ivfflat,42,user_popularity_calibration_error,10,-1,__all__,1.4707929465220102,popularity_calibration_proxy,mean |log1p(rec pop) - log1p(hist pop)| per user
amazon-books,bm25,128,i2i,ivfpq,42,coverage,10,-1,__all__,0.1699702702849596,long_tail_exposure_proxy_only,
amazon-books,bm25,128,i2i,ivfpq,42,coverage,100,-1,__all__,0.6393736650162236,long_tail_exposure_proxy_only,
amazon-books,bm25,128,i2i,ivfpq,42,exposure_share_decile,10,0,__all__,0.05767,long_tail_exposure_proxy_only,
amazon-books,bm25,128,i2i,ivfpq,42,exposure_share_decile,10,1,__all__,0.13411,long_tail_exposure_proxy_only,
amazon-books,bm25,128,i2i,ivfpq,42,exposure_share_decile,10,2,__all__,0.0,long_tail_exposure_proxy_only,
amazon-books,bm25,128,i2i,ivfpq,42,exposure_share_decile,10,3,__all__,0.15292,long_tail_exposure_proxy_only,
amazon-books,bm25,128,i2i,ivfpq,42,exposure_share_decile,10,4,__all__,0.08408,long_tail_exposure_proxy_only,
amazon-books,bm25,128,i2i,ivfpq,42,exposure_share_decile,10,5,__all__,0.05629,long_tail_exposure_proxy_only,
amazon-books,bm25,128,i2i,ivfpq,42,exposure_share_decile,10,6,__all__,0.06572,long_tail_exposure_proxy_only,
amazon-books,bm25,128,i2i,ivfpq,42,exposure_share_decile,10,7,__all__,0.06526,long_tail_exposure_proxy_only,
amazon-books,bm25,128,i2i,ivfpq,42,exposure_share_decile,10,8,__all__,0.07047,long_tail_exposure_proxy_only,
amazon-books,bm25,128,i2i,ivfpq,42,exposure_share_decile,10,9,__all__,0.31348,long_tail_exposure_proxy_only,
amazon-books,bm25,128,i2i,ivfpq,42,exposure_share_group,10,-1,head,0.31209,long_tail_exposure_proxy_only,
amazon-books,bm25,128,i2i,ivfpq,42,exposure_share_group,10,-1,mid,0.49527,long_tail_exposure_proxy_only,
amazon-books,bm25,128,i2i,ivfpq,42,exposure_share_group,10,-1,tail,0.19264,long_tail_exposure_proxy_only,
amazon-books,bm25,128,i2i,ivfpq,42,gini_exposure,10,-1,__all__,0.8827343112978351,long_tail_exposure_proxy_only,
amazon-books,bm25,128,i2i,ivfpq,42,gini_exposure,100,-1,__all__,0.6942494525275692,long_tail_exposure_proxy_only,
amazon-books,bm25,128,i2i,ivfpq,42,long_tail_exposure,10,-1,__all__,0.28133,long_tail_exposure_proxy_only,
amazon-books,bm25,128,i2i,ivfpq,42,long_tail_exposure,100,-1,__all__,0.298786,long_tail_exposure_proxy_only,
amazon-books,bm25,128,i2i,ivfpq,42,long_tail_uplift,10,-1,__all__,0.21321225318538245,long_tail_exposure_proxy_only,
amazon-books,bm25,128,i2i,ivfpq,42,user_popularity_calibration_error,10,-1,__all__,1.474944061963691,popularity_calibration_proxy,mean |log1p(rec pop) - log1p(hist pop)| per user
amazon-books,bm25,128,u2i,flat,42,coverage,10,-1,__all__,0.149838850813355,long_tail_exposure_proxy_only,
amazon-books,bm25,128,u2i,flat,42,coverage,100,-1,__all__,0.527683419297683,long_tail_exposure_proxy_only,
amazon-books,bm25,128,u2i,flat,42,exposure_share_decile,10,0,__all__,0.04029,long_tail_exposure_proxy_only,
amazon-books,bm25,128,u2i,flat,42,exposure_share_decile,10,1,__all__,0.1117,long_tail_exposure_proxy_only,
amazon-books,bm25,128,u2i,flat,42,exposure_share_decile,10,2,__all__,0.0,long_tail_exposure_proxy_only,
amazon-books,bm25,128,u2i,flat,42,exposure_share_decile,10,3,__all__,0.14966,long_tail_exposure_proxy_only,
amazon-books,bm25,128,u2i,flat,42,exposure_share_decile,10,4,__all__,0.09002,long_tail_exposure_proxy_only,
amazon-books,bm25,128,u2i,flat,42,exposure_share_decile,10,5,__all__,0.05917,long_tail_exposure_proxy_only,
amazon-books,bm25,128,u2i,flat,42,exposure_share_decile,10,6,__all__,0.06999,long_tail_exposure_proxy_only,
amazon-books,bm25,128,u2i,flat,42,exposure_share_decile,10,7,__all__,0.06807,long_tail_exposure_proxy_only,
amazon-books,bm25,128,u2i,flat,42,exposure_share_decile,10,8,__all__,0.07351,long_tail_exposure_proxy_only,
amazon-books,bm25,128,u2i,flat,42,exposure_share_decile,10,9,__all__,0.33759,long_tail_exposure_proxy_only,
amazon-books,bm25,128,u2i,flat,42,exposure_share_group,10,-1,head,0.3363,long_tail_exposure_proxy_only,
amazon-books,bm25,128,u2i,flat,42,exposure_share_group,10,-1,mid,0.51081,long_tail_exposure_proxy_only,
amazon-books,bm25,128,u2i,flat,42,exposure_share_group,10,-1,tail,0.15289,long_tail_exposure_proxy_only,
amazon-books,bm25,128,u2i,flat,42,gini_exposure,10,-1,__all__,0.9043753685778108,long_tail_exposure_proxy_only,
amazon-books,bm25,128,u2i,flat,42,gini_exposure,100,-1,__all__,0.7790345018180237,long_tail_exposure_proxy_only,
amazon-books,bm25,128,u2i,flat,42,long_tail_exposure,10,-1,__all__,0.23576,long_tail_exposure_proxy_only,
amazon-books,bm25,128,u2i,flat,42,long_tail_exposure,100,-1,__all__,0.264686,long_tail_exposure_proxy_only,
amazon-books,bm25,128,u2i,flat,42,long_tail_uplift,10,-1,__all__,0.16764225318538242,long_tail_exposure_proxy_only,
amazon-books,bm25,128,u2i,flat,42,user_popularity_calibration_error,10,-1,__all__,1.3428272971883326,popularity_calibration_proxy,mean |log1p(rec pop) - log1p(hist pop)| per user
amazon-books,bm25,128,u2i,flatpq,42,coverage,10,-1,__all__,0.12406585104706208,long_tail_exposure_proxy_only,
amazon-books,bm25,128,u2i,flatpq,42,coverage,100,-1,__all__,0.46014750721502684,long_tail_exposure_proxy_only,
amazon-books,bm25,128,u2i,flatpq,42,exposure_share_decile,10,0,__all__,0.05096,long_tail_exposure_proxy_only,
amazon-books,bm25,128,u2i,flatpq,42,exposure_share_decile,10,1,__all__,0.12862,long_tail_exposure_proxy_only,
amazon-books,bm25,128,u2i,flatpq,42,exposure_share_decile,10,2,__all__,0.0,long_tail_exposure_proxy_only,
amazon-books,bm25,128,u2i,flatpq,42,exposure_share_decile,10,3,__all__,0.15755,long_tail_exposure_proxy_only,
amazon-books,bm25,128,u2i,flatpq,42,exposure_share_decile,10,4,__all__,0.08733,long_tail_exposure_proxy_only,
amazon-books,bm25,128,u2i,flatpq,42,exposure_share_decile,10,5,__all__,0.05426,long_tail_exposure_proxy_only,
amazon-books,bm25,128,u2i,flatpq,42,exposure_share_decile,10,6,__all__,0.06461,long_tail_exposure_proxy_only,
amazon-books,bm25,128,u2i,flatpq,42,exposure_share_decile,10,7,__all__,0.06187,long_tail_exposure_proxy_only,
amazon-books,bm25,128,u2i,flatpq,42,exposure_share_decile,10,8,__all__,0.07088,long_tail_exposure_proxy_only,
amazon-books,bm25,128,u2i,flatpq,42,exposure_share_decile,10,9,__all__,0.32392,long_tail_exposure_proxy_only,
amazon-books,bm25,128,u2i,flatpq,42,exposure_share_group,10,-1,head,0.32244,long_tail_exposure_proxy_only,
amazon-books,bm25,128,u2i,flatpq,42,exposure_share_group,10,-1,mid,0.4973099999999999,long_tail_exposure_proxy_only,
amazon-books,bm25,128,u2i,flatpq,42,exposure_share_group,10,-1,tail,0.18025,long_tail_exposure_proxy_only,
amazon-books,bm25,128,u2i,flatpq,42,gini_exposure,10,-1,__all__,0.9306335312596812,long_tail_exposure_proxy_only,
amazon-books,bm25,128,u2i,flatpq,42,gini_exposure,100,-1,__all__,0.8172869930540081,long_tail_exposure_proxy_only,
amazon-books,bm25,128,u2i,flatpq,42,long_tail_exposure,10,-1,__all__,0.27086,long_tail_exposure_proxy_only,
amazon-books,bm25,128,u2i,flatpq,42,long_tail_exposure,100,-1,__all__,0.292217,long_tail_exposure_proxy_only,
amazon-books,bm25,128,u2i,flatpq,42,long_tail_uplift,10,-1,__all__,0.20274225318538242,long_tail_exposure_proxy_only,
amazon-books,bm25,128,u2i,flatpq,42,user_popularity_calibration_error,10,-1,__all__,1.3760419631976075,popularity_calibration_proxy,mean |log1p(rec pop) - log1p(hist pop)| per user
amazon-books,bm25,128,u2i,hnsw,42,coverage,10,-1,__all__,0.14907250898141758,long_tail_exposure_proxy_only,
amazon-books,bm25,128,u2i,hnsw,42,coverage,100,-1,__all__,0.5191830035164764,long_tail_exposure_proxy_only,
amazon-books,bm25,128,u2i,hnsw,42,exposure_share_decile,10,0,__all__,0.04069,long_tail_exposure_proxy_only,
amazon-books,bm25,128,u2i,hnsw,42,exposure_share_decile,10,1,__all__,0.11263,long_tail_exposure_proxy_only,
amazon-books,bm25,128,u2i,hnsw,42,exposure_share_decile,10,2,__all__,0.0,long_tail_exposure_proxy_only,
amazon-books,bm25,128,u2i,hnsw,42,exposure_share_decile,10,3,__all__,0.15053,long_tail_exposure_proxy_only,
amazon-books,bm25,128,u2i,hnsw,42,exposure_share_decile,10,4,__all__,0.09037,long_tail_exposure_proxy_only,
amazon-books,bm25,128,u2i,hnsw,42,exposure_share_decile,10,5,__all__,0.05953,long_tail_exposure_proxy_only,
amazon-books,bm25,128,u2i,hnsw,42,exposure_share_decile,10,6,__all__,0.06971,long_tail_exposure_proxy_only,
amazon-books,bm25,128,u2i,hnsw,42,exposure_share_decile,10,7,__all__,0.06751,long_tail_exposure_proxy_only,
amazon-books,bm25,128,u2i,hnsw,42,exposure_share_decile,10,8,__all__,0.07286,long_tail_exposure_proxy_only,
amazon-books,bm25,128,u2i,hnsw,42,exposure_share_decile,10,9,__all__,0.33617,long_tail_exposure_proxy_only,
amazon-books,bm25,128,u2i,hnsw,42,exposure_share_group,10,-1,head,0.33488,long_tail_exposure_proxy_only,
amazon-books,bm25,128,u2i,hnsw,42,exposure_share_group,10,-1,mid,0.51089,long_tail_exposure_proxy_only,
amazon-books,bm25,128,u2i,hnsw,42,exposure_share_group,10,-1,tail,0.15423,long_tail_exposure_proxy_only,
amazon-books,bm25,128,u2i,hnsw,42,gini_exposure,10,-1,__all__,0.9051258553407504,long_tail_exposure_proxy_only,
amazon-books,bm25,128,u2i,hnsw,42,gini_exposure,100,-1,__all__,0.7832941024452283,long_tail_exposure_proxy_only,
amazon-books,bm25,128,u2i,hnsw,42,long_tail_exposure,10,-1,__all__,0.23776,long_tail_exposure_proxy_only,
amazon-books,bm25,128,u2i,hnsw,42,long_tail_exposure,100,-1,__all__,0.267127,long_tail_exposure_proxy_only,
amazon-books,bm25,128,u2i,hnsw,42,long_tail_uplift,10,-1,__all__,0.16964225318538242,long_tail_exposure_proxy_only,
amazon-books,bm25,128,u2i,hnsw,42,user_popularity_calibration_error,10,-1,__all__,1.349233591536981,popularity_calibration_proxy,mean |log1p(rec pop) - log1p(hist pop)| per user
amazon-books,bm25,128,u2i,ivfflat,42,coverage,10,-1,__all__,0.1494774200912001,long_tail_exposure_proxy_only,
amazon-books,bm25,128,u2i,ivfflat,42,coverage,100,-1,__all__,0.5218869401220712,long_tail_exposure_proxy_only,
amazon-books,bm25,128,u2i,ivfflat,42,exposure_share_decile,10,0,__all__,0.04021,long_tail_exposure_proxy_only,
amazon-books,bm25,128,u2i,ivfflat,42,exposure_share_decile,10,1,__all__,0.11204,long_tail_exposure_proxy_only,
amazon-books,bm25,128,u2i,ivfflat,42,exposure_share_decile,10,2,__all__,0.0,long_tail_exposure_proxy_only,
amazon-books,bm25,128,u2i,ivfflat,42,exposure_share_decile,10,3,__all__,0.14965,long_tail_exposure_proxy_only,
amazon-books,bm25,128,u2i,ivfflat,42,exposure_share_decile,10,4,__all__,0.09015,long_tail_exposure_proxy_only,
amazon-books,bm25,128,u2i,ivfflat,42,exposure_share_decile,10,5,__all__,0.05883,long_tail_exposure_proxy_only,
amazon-books,bm25,128,u2i,ivfflat,42,exposure_share_decile,10,6,__all__,0.06957,long_tail_exposure_proxy_only,
amazon-books,bm25,128,u2i,ivfflat,42,exposure_share_decile,10,7,__all__,0.06774,long_tail_exposure_proxy_only,
amazon-books,bm25,128,u2i,ivfflat,42,exposure_share_decile,10,8,__all__,0.07319,long_tail_exposure_proxy_only,
amazon-books,bm25,128,u2i,ivfflat,42,exposure_share_decile,10,9,__all__,0.33862,long_tail_exposure_proxy_only,
amazon-books,bm25,128,u2i,ivfflat,42,exposure_share_group,10,-1,head,0.33734,long_tail_exposure_proxy_only,
amazon-books,bm25,128,u2i,ivfflat,42,exposure_share_group,10,-1,mid,0.50951,long_tail_exposure_proxy_only,
amazon-books,bm25,128,u2i,ivfflat,42,exposure_share_group,10,-1,tail,0.15315,long_tail_exposure_proxy_only,
amazon-books,bm25,128,u2i,ivfflat,42,gini_exposure,10,-1,__all__,0.9047573285106337,long_tail_exposure_proxy_only,
amazon-books,bm25,128,u2i,ivfflat,42,gini_exposure,100,-1,__all__,0.7816377412156029,long_tail_exposure_proxy_only,
amazon-books,bm25,128,u2i,ivfflat,42,long_tail_exposure,10,-1,__all__,0.23611,long_tail_exposure_proxy_only,
amazon-books,bm25,128,u2i,ivfflat,42,long_tail_exposure,100,-1,__all__,0.264808,long_tail_exposure_proxy_only,
amazon-books,bm25,128,u2i,ivfflat,42,long_tail_uplift,10,-1,__all__,0.1679922531853824,long_tail_exposure_proxy_only,
amazon-books,bm25,128,u2i,ivfflat,42,user_popularity_calibration_error,10,-1,__all__,1.3422038935002099,popularity_calibration_proxy,mean |log1p(rec pop) - log1p(hist pop)| per user
amazon-books,bm25,128,u2i,ivfpq,42,coverage,10,-1,__all__,0.1444581528444326,long_tail_exposure_proxy_only,
amazon-books,bm25,128,u2i,ivfpq,42,coverage,100,-1,__all__,0.5403090368550636,long_tail_exposure_proxy_only,
amazon-books,bm25,128,u2i,ivfpq,42,exposure_share_decile,10,0,__all__,0.04052,long_tail_exposure_proxy_only,
amazon-books,bm25,128,u2i,ivfpq,42,exposure_share_decile,10,1,__all__,0.11229,long_tail_exposure_proxy_only,
amazon-books,bm25,128,u2i,ivfpq,42,exposure_share_decile,10,2,__all__,0.0,long_tail_exposure_proxy_only,
amazon-books,bm25,128,u2i,ivfpq,42,exposure_share_decile,10,3,__all__,0.14448,long_tail_exposure_proxy_only,
amazon-books,bm25,128,u2i,ivfpq,42,exposure_share_decile,10,4,__all__,0.08538,long_tail_exposure_proxy_only,
amazon-books,bm25,128,u2i,ivfpq,42,exposure_share_decile,10,5,__all__,0.05658,long_tail_exposure_proxy_only,
amazon-books,bm25,128,u2i,ivfpq,42,exposure_share_decile,10,6,__all__,0.06791,long_tail_exposure_proxy_only,
amazon-books,bm25,128,u2i,ivfpq,42,exposure_share_decile,10,7,__all__,0.06957,long_tail_exposure_proxy_only,
amazon-books,bm25,128,u2i,ivfpq,42,exposure_share_decile,10,8,__all__,0.0814,long_tail_exposure_proxy_only,
amazon-books,bm25,128,u2i,ivfpq,42,exposure_share_decile,10,9,__all__,0.34187,long_tail_exposure_proxy_only,
amazon-books,bm25,128,u2i,ivfpq,42,exposure_share_group,10,-1,head,0.34006,long_tail_exposure_proxy_only,
amazon-books,bm25,128,u2i,ivfpq,42,exposure_share_group,10,-1,mid,0.50598,long_tail_exposure_proxy_only,
amazon-books,bm25,128,u2i,ivfpq,42,exposure_share_group,10,-1,tail,0.15396,long_tail_exposure_proxy_only,
amazon-books,bm25,128,u2i,ivfpq,42,gini_exposure,10,-1,__all__,0.9106386125408308,long_tail_exposure_proxy_only,
amazon-books,bm25,128,u2i,ivfpq,42,gini_exposure,100,-1,__all__,0.7749623986825442,long_tail_exposure_proxy_only,
amazon-books,bm25,128,u2i,ivfpq,42,long_tail_exposure,10,-1,__all__,0.23318,long_tail_exposure_proxy_only,
amazon-books,bm25,128,u2i,ivfpq,42,long_tail_exposure,100,-1,__all__,0.255246,long_tail_exposure_proxy_only,
amazon-books,bm25,128,u2i,ivfpq,42,long_tail_uplift,10,-1,__all__,0.16506225318538242,long_tail_exposure_proxy_only,
amazon-books,bm25,128,u2i,ivfpq,42,user_popularity_calibration_error,10,-1,__all__,1.3328956390413034,popularity_calibration_proxy,mean |log1p(rec pop) - log1p(hist pop)| per user
goodbooks,bm25,128,i2i,flat,42,coverage,10,-1,__all__,0.9124,long_tail_exposure_proxy_only,
goodbooks,bm25,128,i2i,flat,42,coverage,100,-1,__all__,0.9997,long_tail_exposure_proxy_only,
goodbooks,bm25,128,i2i,flat,42,exposure_share_decile,10,0,__all__,0.03794,long_tail_exposure_proxy_only,
goodbooks,bm25,128,i2i,flat,42,exposure_share_decile,10,1,__all__,0.05547,long_tail_exposure_proxy_only,
goodbooks,bm25,128,i2i,flat,42,exposure_share_decile,10,2,__all__,0.06433,long_tail_exposure_proxy_only,
goodbooks,bm25,128,i2i,flat,42,exposure_share_decile,10,3,__all__,0.06842,long_tail_exposure_proxy_only,
goodbooks,bm25,128,i2i,flat,42,exposure_share_decile,10,4,__all__,0.07176,long_tail_exposure_proxy_only,
goodbooks,bm25,128,i2i,flat,42,exposure_share_decile,10,5,__all__,0.08128,long_tail_exposure_proxy_only,
goodbooks,bm25,128,i2i,flat,42,exposure_share_decile,10,6,__all__,0.0914,long_tail_exposure_proxy_only,
goodbooks,bm25,128,i2i,flat,42,exposure_share_decile,10,7,__all__,0.1153,long_tail_exposure_proxy_only,
goodbooks,bm25,128,i2i,flat,42,exposure_share_decile,10,8,__all__,0.15241,long_tail_exposure_proxy_only,
goodbooks,bm25,128,i2i,flat,42,exposure_share_decile,10,9,__all__,0.26169,long_tail_exposure_proxy_only,
goodbooks,bm25,128,i2i,flat,42,exposure_share_group,10,-1,head,0.26169,long_tail_exposure_proxy_only,
goodbooks,bm25,128,i2i,flat,42,exposure_share_group,10,-1,mid,0.64397,long_tail_exposure_proxy_only,
goodbooks,bm25,128,i2i,flat,42,exposure_share_group,10,-1,tail,0.09434,long_tail_exposure_proxy_only,
goodbooks,bm25,128,i2i,flat,42,gini_exposure,10,-1,__all__,0.570770958,long_tail_exposure_proxy_only,
goodbooks,bm25,128,i2i,flat,42,gini_exposure,100,-1,__all__,0.4145682884,long_tail_exposure_proxy_only,
goodbooks,bm25,128,i2i,flat,42,long_tail_exposure,10,-1,__all__,0.09636,long_tail_exposure_proxy_only,
goodbooks,bm25,128,i2i,flat,42,long_tail_exposure,100,-1,__all__,0.170324,long_tail_exposure_proxy_only,
goodbooks,bm25,128,i2i,flat,42,long_tail_uplift,10,-1,__all__,0.06125220847944068,long_tail_exposure_proxy_only,
goodbooks,bm25,128,i2i,flat,42,user_popularity_calibration_error,10,-1,__all__,1.510360446891236,popularity_calibration_proxy,mean |log1p(rec pop) - log1p(hist pop)| per user
goodbooks,bm25,128,i2i,flatpq,42,coverage,10,-1,__all__,0.9093,long_tail_exposure_proxy_only,
goodbooks,bm25,128,i2i,flatpq,42,coverage,100,-1,__all__,0.9999,long_tail_exposure_proxy_only,
goodbooks,bm25,128,i2i,flatpq,42,exposure_share_decile,10,0,__all__,0.04091,long_tail_exposure_proxy_only,
goodbooks,bm25,128,i2i,flatpq,42,exposure_share_decile,10,1,__all__,0.05924,long_tail_exposure_proxy_only,
goodbooks,bm25,128,i2i,flatpq,42,exposure_share_decile,10,2,__all__,0.06636,long_tail_exposure_proxy_only,
goodbooks,bm25,128,i2i,flatpq,42,exposure_share_decile,10,3,__all__,0.07122,long_tail_exposure_proxy_only,
goodbooks,bm25,128,i2i,flatpq,42,exposure_share_decile,10,4,__all__,0.07259,long_tail_exposure_proxy_only,
goodbooks,bm25,128,i2i,flatpq,42,exposure_share_decile,10,5,__all__,0.08251,long_tail_exposure_proxy_only,
goodbooks,bm25,128,i2i,flatpq,42,exposure_share_decile,10,6,__all__,0.09133,long_tail_exposure_proxy_only,
goodbooks,bm25,128,i2i,flatpq,42,exposure_share_decile,10,7,__all__,0.11556,long_tail_exposure_proxy_only,
goodbooks,bm25,128,i2i,flatpq,42,exposure_share_decile,10,8,__all__,0.14706,long_tail_exposure_proxy_only,
goodbooks,bm25,128,i2i,flatpq,42,exposure_share_decile,10,9,__all__,0.25322,long_tail_exposure_proxy_only,
goodbooks,bm25,128,i2i,flatpq,42,exposure_share_group,10,-1,head,0.25322,long_tail_exposure_proxy_only,
goodbooks,bm25,128,i2i,flatpq,42,exposure_share_group,10,-1,mid,0.64562,long_tail_exposure_proxy_only,
goodbooks,bm25,128,i2i,flatpq,42,exposure_share_group,10,-1,tail,0.10116,long_tail_exposure_proxy_only,
goodbooks,bm25,128,i2i,flatpq,42,gini_exposure,10,-1,__all__,0.570735044,long_tail_exposure_proxy_only,
goodbooks,bm25,128,i2i,flatpq,42,gini_exposure,100,-1,__all__,0.41344511460000005,long_tail_exposure_proxy_only,
goodbooks,bm25,128,i2i,flatpq,42,long_tail_exposure,10,-1,__all__,0.10287,long_tail_exposure_proxy_only,
goodbooks,bm25,128,i2i,flatpq,42,long_tail_exposure,100,-1,__all__,0.17785,long_tail_exposure_proxy_only,
goodbooks,bm25,128,i2i,flatpq,42,long_tail_uplift,10,-1,__all__,0.06776220847944067,long_tail_exposure_proxy_only,
goodbooks,bm25,128,i2i,flatpq,42,user_popularity_calibration_error,10,-1,__all__,1.5403120153703636,popularity_calibration_proxy,mean |log1p(rec pop) - log1p(hist pop)| per user
goodbooks,bm25,128,i2i,hnsw,42,coverage,10,-1,__all__,0.9124,long_tail_exposure_proxy_only,
goodbooks,bm25,128,i2i,hnsw,42,coverage,100,-1,__all__,0.9997,long_tail_exposure_proxy_only,
goodbooks,bm25,128,i2i,hnsw,42,exposure_share_decile,10,0,__all__,0.03791,long_tail_exposure_proxy_only,
goodbooks,bm25,128,i2i,hnsw,42,exposure_share_decile,10,1,__all__,0.05547,long_tail_exposure_proxy_only,
goodbooks,bm25,128,i2i,hnsw,42,exposure_share_decile,10,2,__all__,0.06433,long_tail_exposure_proxy_only,
goodbooks,bm25,128,i2i,hnsw,42,exposure_share_decile,10,3,__all__,0.06842,long_tail_exposure_proxy_only,
goodbooks,bm25,128,i2i,hnsw,42,exposure_share_decile,10,4,__all__,0.07182,long_tail_exposure_proxy_only,
goodbooks,bm25,128,i2i,hnsw,42,exposure_share_decile,10,5,__all__,0.08128,long_tail_exposure_proxy_only,
goodbooks,bm25,128,i2i,hnsw,42,exposure_share_decile,10,6,__all__,0.09146,long_tail_exposure_proxy_only,
goodbooks,bm25,128,i2i,hnsw,42,exposure_share_decile,10,7,__all__,0.11524,long_tail_exposure_proxy_only,
goodbooks,bm25,128,i2i,hnsw,42,exposure_share_decile,10,8,__all__,0.15238,long_tail_exposure_proxy_only,
goodbooks,bm25,128,i2i,hnsw,42,exposure_share_decile,10,9,__all__,0.26169,long_tail_exposure_proxy_only,
goodbooks,bm25,128,i2i,hnsw,42,exposure_share_group,10,-1,head,0.26169,long_tail_exposure_proxy_only,
goodbooks,bm25,128,i2i,hnsw,42,exposure_share_group,10,-1,mid,0.644,long_tail_exposure_proxy_only,
goodbooks,bm25,128,i2i,hnsw,42,exposure_share_group,10,-1,tail,0.09431,long_tail_exposure_proxy_only,
goodbooks,bm25,128,i2i,hnsw,42,gini_exposure,10,-1,__all__,0.570772596,long_tail_exposure_proxy_only,
goodbooks,bm25,128,i2i,hnsw,42,gini_exposure,100,-1,__all__,0.41625328980000004,long_tail_exposure_proxy_only,
goodbooks,bm25,128,i2i,hnsw,42,long_tail_exposure,10,-1,__all__,0.09633,long_tail_exposure_proxy_only,
goodbooks,bm25,128,i2i,hnsw,42,long_tail_exposure,100,-1,__all__,0.170815,long_tail_exposure_proxy_only,
goodbooks,bm25,128,i2i,hnsw,42,long_tail_uplift,10,-1,__all__,0.061222208479440675,long_tail_exposure_proxy_only,
goodbooks,bm25,128,i2i,hnsw,42,user_popularity_calibration_error,10,-1,__all__,1.5104105639586443,popularity_calibration_proxy,mean |log1p(rec pop) - log1p(hist pop)| per user
goodbooks,bm25,128,i2i,ivfflat,42,coverage,10,-1,__all__,0.9116,long_tail_exposure_proxy_only,
goodbooks,bm25,128,i2i,ivfflat,42,coverage,100,-1,__all__,0.9995,long_tail_exposure_proxy_only,
goodbooks,bm25,128,i2i,ivfflat,42,exposure_share_decile,10,0,__all__,0.03789,long_tail_exposure_proxy_only,
goodbooks,bm25,128,i2i,ivfflat,42,exposure_share_decile,10,1,__all__,0.05534,long_tail_exposure_proxy_only,
goodbooks,bm25,128,i2i,ivfflat,42,exposure_share_decile,10,2,__all__,0.06435,long_tail_exposure_proxy_only,
goodbooks,bm25,128,i2i,ivfflat,42,exposure_share_decile,10,3,__all__,0.06843,long_tail_exposure_proxy_only,
goodbooks,bm25,128,i2i,ivfflat,42,exposure_share_decile,10,4,__all__,0.07184,long_tail_exposure_proxy_only,
goodbooks,bm25,128,i2i,ivfflat,42,exposure_share_decile,10,5,__all__,0.0814,long_tail_exposure_proxy_only,
goodbooks,bm25,128,i2i,ivfflat,42,exposure_share_decile,10,6,__all__,0.09146,long_tail_exposure_proxy_only,
goodbooks,bm25,128,i2i,ivfflat,42,exposure_share_decile,10,7,__all__,0.11576,long_tail_exposure_proxy_only,
goodbooks,bm25,128,i2i,ivfflat,42,exposure_share_decile,10,8,__all__,0.15215,long_tail_exposure_proxy_only,
goodbooks,bm25,128,i2i,ivfflat,42,exposure_share_decile,10,9,__all__,0.26138,long_tail_exposure_proxy_only,
goodbooks,bm25,128,i2i,ivfflat,42,exposure_share_group,10,-1,head,0.26138,long_tail_exposure_proxy_only,
goodbooks,bm25,128,i2i,ivfflat,42,exposure_share_group,10,-1,mid,0.64446,long_tail_exposure_proxy_only,
goodbooks,bm25,128,i2i,ivfflat,42,exposure_share_group,10,-1,tail,0.09416,long_tail_exposure_proxy_only,
goodbooks,bm25,128,i2i,ivfflat,42,gini_exposure,10,-1,__all__,0.570868106,long_tail_exposure_proxy_only,
goodbooks,bm25,128,i2i,ivfflat,42,gini_exposure,100,-1,__all__,0.4166562804,long_tail_exposure_proxy_only,
goodbooks,bm25,128,i2i,ivfflat,42,long_tail_exposure,10,-1,__all__,0.09618,long_tail_exposure_proxy_only,
goodbooks,bm25,128,i2i,ivfflat,42,long_tail_exposure,100,-1,__all__,0.16992,long_tail_exposure_proxy_only,
goodbooks,bm25,128,i2i,ivfflat,42,long_tail_uplift,10,-1,__all__,0.06107220847944068,long_tail_exposure_proxy_only,
goodbooks,bm25,128,i2i,ivfflat,42,user_popularity_calibration_error,10,-1,__all__,1.5108774179836493,popularity_calibration_proxy,mean |log1p(rec pop) - log1p(hist pop)| per user
goodbooks,bm25,128,i2i,ivfpq,42,coverage,10,-1,__all__,0.9134,long_tail_exposure_proxy_only,
goodbooks,bm25,128,i2i,ivfpq,42,coverage,100,-1,__all__,0.9999,long_tail_exposure_proxy_only,
goodbooks,bm25,128,i2i,ivfpq,42,exposure_share_decile,10,0,__all__,0.04003,long_tail_exposure_proxy_only,
goodbooks,bm25,128,i2i,ivfpq,42,exposure_share_decile,10,1,__all__,0.05806,long_tail_exposure_proxy_only,
goodbooks,bm25,128,i2i,ivfpq,42,exposure_share_decile,10,2,__all__,0.06664,long_tail_exposure_proxy_only,
goodbooks,bm25,128,i2i,ivfpq,42,exposure_share_decile,10,3,__all__,0.07001,long_tail_exposure_proxy_only,
goodbooks,bm25,128,i2i,ivfpq,42,exposure_share_decile,10,4,__all__,0.07105,long_tail_exposure_proxy_only,
goodbooks,bm25,128,i2i,ivfpq,42,exposure_share_decile,10,5,__all__,0.08199,long_tail_exposure_proxy_only,
goodbooks,bm25,128,i2i,ivfpq,42,exposure_share_decile,10,6,__all__,0.09074,long_tail_exposure_proxy_only,
goodbooks,bm25,128,i2i,ivfpq,42,exposure_share_decile,10,7,__all__,0.11453,long_tail_exposure_proxy_only,
goodbooks,bm25,128,i2i,ivfpq,42,exposure_share_decile,10,8,__all__,0.15026,long_tail_exposure_proxy_only,
goodbooks,bm25,128,i2i,ivfpq,42,exposure_share_decile,10,9,__all__,0.25669,long_tail_exposure_proxy_only,
goodbooks,bm25,128,i2i,ivfpq,42,exposure_share_group,10,-1,head,0.25669,long_tail_exposure_proxy_only,
goodbooks,bm25,128,i2i,ivfpq,42,exposure_share_group,10,-1,mid,0.6442300000000001,long_tail_exposure_proxy_only,
goodbooks,bm25,128,i2i,ivfpq,42,exposure_share_group,10,-1,tail,0.09908,long_tail_exposure_proxy_only,
goodbooks,bm25,128,i2i,ivfpq,42,gini_exposure,10,-1,__all__,0.568900608,long_tail_exposure_proxy_only,
goodbooks,bm25,128,i2i,ivfpq,42,gini_exposure,100,-1,__all__,0.41167132419999997,long_tail_exposure_proxy_only,
goodbooks,bm25,128,i2i,ivfpq,42,long_tail_exposure,10,-1,__all__,0.10111,long_tail_exposure_proxy_only,
goodbooks,bm25,128,i2i,ivfpq,42,long_tail_exposure,100,-1,__all__,0.176904,long_tail_exposure_proxy_only,
goodbooks,bm25,128,i2i,ivfpq,42,long_tail_uplift,10,-1,__all__,0.06600220847944069,long_tail_exposure_proxy_only,
goodbooks,bm25,128,i2i,ivfpq,42,user_popularity_calibration_error,10,-1,__all__,1.5199959270470742,popularity_calibration_proxy,mean |log1p(rec pop) - log1p(hist pop)| per user
goodbooks,bm25,128,u2i,flat,42,coverage,10,-1,__all__,0.6758,long_tail_exposure_proxy_only,
goodbooks,bm25,128,u2i,flat,42,coverage,100,-1,__all__,0.9823,long_tail_exposure_proxy_only,
goodbooks,bm25,128,u2i,flat,42,exposure_share_decile,10,0,__all__,0.02219,long_tail_exposure_proxy_only,
goodbooks,bm25,128,u2i,flat,42,exposure_share_decile,10,1,__all__,0.03273,long_tail_exposure_proxy_only,
goodbooks,bm25,128,u2i,flat,42,exposure_share_decile,10,2,__all__,0.03841,long_tail_exposure_proxy_only,
goodbooks,bm25,128,u2i,flat,42,exposure_share_decile,10,3,__all__,0.0433,long_tail_exposure_proxy_only,
goodbooks,bm25,128,u2i,flat,42,exposure_share_decile,10,4,__all__,0.04871,long_tail_exposure_proxy_only,
goodbooks,bm25,128,u2i,flat,42,exposure_share_decile,10,5,__all__,0.04869,long_tail_exposure_proxy_only,
goodbooks,bm25,128,u2i,flat,42,exposure_share_decile,10,6,__all__,0.05616,long_tail_exposure_proxy_only,
goodbooks,bm25,128,u2i,flat,42,exposure_share_decile,10,7,__all__,0.07084,long_tail_exposure_proxy_only,
goodbooks,bm25,128,u2i,flat,42,exposure_share_decile,10,8,__all__,0.10202,long_tail_exposure_proxy_only,
goodbooks,bm25,128,u2i,flat,42,exposure_share_decile,10,9,__all__,0.53695,long_tail_exposure_proxy_only,
goodbooks,bm25,128,u2i,flat,42,exposure_share_group,10,-1,head,0.53695,long_tail_exposure_proxy_only,
goodbooks,bm25,128,u2i,flat,42,exposure_share_group,10,-1,mid,0.40737999999999996,long_tail_exposure_proxy_only,
goodbooks,bm25,128,u2i,flat,42,exposure_share_group,10,-1,tail,0.05567,long_tail_exposure_proxy_only,
goodbooks,bm25,128,u2i,flat,42,gini_exposure,10,-1,__all__,0.830726524,long_tail_exposure_proxy_only,
goodbooks,bm25,128,u2i,flat,42,gini_exposure,100,-1,__all__,0.6591336256,long_tail_exposure_proxy_only,
goodbooks,bm25,128,u2i,flat,42,long_tail_exposure,10,-1,__all__,0.05765,long_tail_exposure_proxy_only,
goodbooks,bm25,128,u2i,flat,42,long_tail_exposure,100,-1,__all__,0.103413,long_tail_exposure_proxy_only,
goodbooks,bm25,128,u2i,flat,42,long_tail_uplift,10,-1,__all__,0.022542208479440676,long_tail_exposure_proxy_only,
goodbooks,bm25,128,u2i,flat,42,user_popularity_calibration_error,10,-1,__all__,0.8190061737758838,popularity_calibration_proxy,mean |log1p(rec pop) - log1p(hist pop)| per user
goodbooks,bm25,128,u2i,flatpq,42,coverage,10,-1,__all__,0.6009,long_tail_exposure_proxy_only,
goodbooks,bm25,128,u2i,flatpq,42,coverage,100,-1,__all__,0.9724,long_tail_exposure_proxy_only,
goodbooks,bm25,128,u2i,flatpq,42,exposure_share_decile,10,0,__all__,0.03413,long_tail_exposure_proxy_only,
goodbooks,bm25,128,u2i,flatpq,42,exposure_share_decile,10,1,__all__,0.04536,long_tail_exposure_proxy_only,
goodbooks,bm25,128,u2i,flatpq,42,exposure_share_decile,10,2,__all__,0.05001,long_tail_exposure_proxy_only,
goodbooks,bm25,128,u2i,flatpq,42,exposure_share_decile,10,3,__all__,0.05121,long_tail_exposure_proxy_only,
goodbooks,bm25,128,u2i,flatpq,42,exposure_share_decile,10,4,__all__,0.04967,long_tail_exposure_proxy_only,
goodbooks,bm25,128,u2i,flatpq,42,exposure_share_decile,10,5,__all__,0.05377,long_tail_exposure_proxy_only,
goodbooks,bm25,128,u2i,flatpq,42,exposure_share_decile,10,6,__all__,0.05418,long_tail_exposure_proxy_only,
goodbooks,bm25,128,u2i,flatpq,42,exposure_share_decile,10,7,__all__,0.06335,long_tail_exposure_proxy_only,
goodbooks,bm25,128,u2i,flatpq,42,exposure_share_decile,10,8,__all__,0.08075,long_tail_exposure_proxy_only,
goodbooks,bm25,128,u2i,flatpq,42,exposure_share_decile,10,9,__all__,0.51757,long_tail_exposure_proxy_only,
goodbooks,bm25,128,u2i,flatpq,42,exposure_share_group,10,-1,head,0.51757,long_tail_exposure_proxy_only,
goodbooks,bm25,128,u2i,flatpq,42,exposure_share_group,10,-1,mid,0.40239,long_tail_exposure_proxy_only,
goodbooks,bm25,128,u2i,flatpq,42,exposure_share_group,10,-1,tail,0.08004,long_tail_exposure_proxy_only,
goodbooks,bm25,128,u2i,flatpq,42,gini_exposure,10,-1,__all__,0.8700238020000001,long_tail_exposure_proxy_only,
goodbooks,bm25,128,u2i,flatpq,42,gini_exposure,100,-1,__all__,0.692862109,long_tail_exposure_proxy_only,
goodbooks,bm25,128,u2i,flatpq,42,long_tail_exposure,10,-1,__all__,0.08154,long_tail_exposure_proxy_only,
goodbooks,bm25,128,u2i,flatpq,42,long_tail_exposure,100,-1,__all__,0.126569,long_tail_exposure_proxy_only,
goodbooks,bm25,128,u2i,flatpq,42,long_tail_uplift,10,-1,__all__,0.04643220847944068,long_tail_exposure_proxy_only,
goodbooks,bm25,128,u2i,flatpq,42,user_popularity_calibration_error,10,-1,__all__,0.8591571796132599,popularity_calibration_proxy,mean |log1p(rec pop) - log1p(hist pop)| per user
goodbooks,bm25,128,u2i,hnsw,42,coverage,10,-1,__all__,0.6752,long_tail_exposure_proxy_only,
goodbooks,bm25,128,u2i,hnsw,42,coverage,100,-1,__all__,0.9795,long_tail_exposure_proxy_only,
goodbooks,bm25,128,u2i,hnsw,42,exposure_share_decile,10,0,__all__,0.02211,long_tail_exposure_proxy_only,
goodbooks,bm25,128,u2i,hnsw,42,exposure_share_decile,10,1,__all__,0.03267,long_tail_exposure_proxy_only,
goodbooks,bm25,128,u2i,hnsw,42,exposure_share_decile,10,2,__all__,0.03834,long_tail_exposure_proxy_only,
goodbooks,bm25,128,u2i,hnsw,42,exposure_share_decile,10,3,__all__,0.04335,long_tail_exposure_proxy_only,
goodbooks,bm25,128,u2i,hnsw,42,exposure_share_decile,10,4,__all__,0.04853,long_tail_exposure_proxy_only,
goodbooks,bm25,128,u2i,hnsw,42,exposure_share_decile,10,5,__all__,0.04867,long_tail_exposure_proxy_only,
goodbooks,bm25,128,u2i,hnsw,42,exposure_share_decile,10,6,__all__,0.0559,long_tail_exposure_proxy_only,
goodbooks,bm25,128,u2i,hnsw,42,exposure_share_decile,10,7,__all__,0.0707,long_tail_exposure_proxy_only,
goodbooks,bm25,128,u2i,hnsw,42,exposure_share_decile,10,8,__all__,0.10192,long_tail_exposure_proxy_only,
goodbooks,bm25,128,u2i,hnsw,42,exposure_share_decile,10,9,__all__,0.53781,long_tail_exposure_proxy_only,
goodbooks,bm25,128,u2i,hnsw,42,exposure_share_group,10,-1,head,0.53781,long_tail_exposure_proxy_only,
goodbooks,bm25,128,u2i,hnsw,42,exposure_share_group,10,-1,mid,0.40667,long_tail_exposure_proxy_only,
goodbooks,bm25,128,u2i,hnsw,42,exposure_share_group,10,-1,tail,0.05552,long_tail_exposure_proxy_only,
goodbooks,bm25,128,u2i,hnsw,42,gini_exposure,10,-1,__all__,0.8311247460000001,long_tail_exposure_proxy_only,
goodbooks,bm25,128,u2i,hnsw,42,gini_exposure,100,-1,__all__,0.6610713738,long_tail_exposure_proxy_only,
goodbooks,bm25,128,u2i,hnsw,42,long_tail_exposure,10,-1,__all__,0.05748,long_tail_exposure_proxy_only,
goodbooks,bm25,128,u2i,hnsw,42,long_tail_exposure,100,-1,__all__,0.105288,long_tail_exposure_proxy_only,
goodbooks,bm25,128,u2i,hnsw,42,long_tail_uplift,10,-1,__all__,0.02237220847944068,long_tail_exposure_proxy_only,
goodbooks,bm25,128,u2i,hnsw,42,user_popularity_calibration_error,10,-1,__all__,0.8197522034523579,popularity_calibration_proxy,mean |log1p(rec pop) - log1p(hist pop)| per user
goodbooks,bm25,128,u2i,ivfflat,42,coverage,10,-1,__all__,0.677,long_tail_exposure_proxy_only,
goodbooks,bm25,128,u2i,ivfflat,42,coverage,100,-1,__all__,0.9827,long_tail_exposure_proxy_only,
goodbooks,bm25,128,u2i,ivfflat,42,exposure_share_decile,10,0,__all__,0.02225,long_tail_exposure_proxy_only,
goodbooks,bm25,128,u2i,ivfflat,42,exposure_share_decile,10,1,__all__,0.03301,long_tail_exposure_proxy_only,
goodbooks,bm25,128,u2i,ivfflat,42,exposure_share_decile,10,2,__all__,0.03849,long_tail_exposure_proxy_only,
goodbooks,bm25,128,u2i,ivfflat,42,exposure_share_decile,10,3,__all__,0.04356,long_tail_exposure_proxy_only,
goodbooks,bm25,128,u2i,ivfflat,42,exposure_share_decile,10,4,__all__,0.04861,long_tail_exposure_proxy_only,
goodbooks,bm25,128,u2i,ivfflat,42,exposure_share_decile,10,5,__all__,0.04861,long_tail_exposure_proxy_only,
goodbooks,bm25,128,u2i,ivfflat,42,exposure_share_decile,10,6,__all__,0.0562,long_tail_exposure_proxy_only,
goodbooks,bm25,128,u2i,ivfflat,42,exposure_share_decile,10,7,__all__,0.07124,long_tail_exposure_proxy_only,
goodbooks,bm25,128,u2i,ivfflat,42,exposure_share_decile,10,8,__all__,0.10221,long_tail_exposure_proxy_only,
goodbooks,bm25,128,u2i,ivfflat,42,exposure_share_decile,10,9,__all__,0.53582,long_tail_exposure_proxy_only,
goodbooks,bm25,128,u2i,ivfflat,42,exposure_share_group,10,-1,head,0.53582,long_tail_exposure_proxy_only,
goodbooks,bm25,128,u2i,ivfflat,42,exposure_share_group,10,-1,mid,0.40816,long_tail_exposure_proxy_only,
goodbooks,bm25,128,u2i,ivfflat,42,exposure_share_group,10,-1,tail,0.05602,long_tail_exposure_proxy_only,
goodbooks,bm25,128,u2i,ivfflat,42,gini_exposure,10,-1,__all__,0.830396574,long_tail_exposure_proxy_only,
goodbooks,bm25,128,u2i,ivfflat,42,gini_exposure,100,-1,__all__,0.6579436336000001,long_tail_exposure_proxy_only,
goodbooks,bm25,128,u2i,ivfflat,42,long_tail_exposure,10,-1,__all__,0.058,long_tail_exposure_proxy_only,
goodbooks,bm25,128,u2i,ivfflat,42,long_tail_exposure,100,-1,__all__,0.105007,long_tail_exposure_proxy_only,
goodbooks,bm25,128,u2i,ivfflat,42,long_tail_uplift,10,-1,__all__,0.02289220847944068,long_tail_exposure_proxy_only,
goodbooks,bm25,128,u2i,ivfflat,42,user_popularity_calibration_error,10,-1,__all__,0.8195633470678735,popularity_calibration_proxy,mean |log1p(rec pop) - log1p(hist pop)| per user
goodbooks,bm25,128,u2i,ivfpq,42,coverage,10,-1,__all__,0.6327,long_tail_exposure_proxy_only,
goodbooks,bm25,128,u2i,ivfpq,42,coverage,100,-1,__all__,0.9768,long_tail_exposure_proxy_only,
goodbooks,bm25,128,u2i,ivfpq,42,exposure_share_decile,10,0,__all__,0.03801,long_tail_exposure_proxy_only,
goodbooks,bm25,128,u2i,ivfpq,42,exposure_share_decile,10,1,__all__,0.04891,long_tail_exposure_proxy_only,
goodbooks,bm25,128,u2i,ivfpq,42,exposure_share_decile,10,2,__all__,0.05236,long_tail_exposure_proxy_only,
goodbooks,bm25,128,u2i,ivfpq,42,exposure_share_decile,10,3,__all__,0.05309,long_tail_exposure_proxy_only,
goodbooks,bm25,128,u2i,ivfpq,42,exposure_share_decile,10,4,__all__,0.05617,long_tail_exposure_proxy_only,
goodbooks,bm25,128,u2i,ivfpq,42,exposure_share_decile,10,5,__all__,0.04605,long_tail_exposure_proxy_only,
goodbooks,bm25,128,u2i,ivfpq,42,exposure_share_decile,10,6,__all__,0.05229,long_tail_exposure_proxy_only,
goodbooks,bm25,128,u2i,ivfpq,42,exposure_share_decile,10,7,__all__,0.07847,long_tail_exposure_proxy_only,
goodbooks,bm25,128,u2i,ivfpq,42,exposure_share_decile,10,8,__all__,0.08701,long_tail_exposure_proxy_only,
goodbooks,bm25,128,u2i,ivfpq,42,exposure_share_decile,10,9,__all__,0.48764,long_tail_exposure_proxy_only,
goodbooks,bm25,128,u2i,ivfpq,42,exposure_share_group,10,-1,head,0.48764,long_tail_exposure_proxy_only,
goodbooks,bm25,128,u2i,ivfpq,42,exposure_share_group,10,-1,mid,0.4249599999999999,long_tail_exposure_proxy_only,
goodbooks,bm25,128,u2i,ivfpq,42,exposure_share_group,10,-1,tail,0.0874,long_tail_exposure_proxy_only,
goodbooks,bm25,128,u2i,ivfpq,42,gini_exposure,10,-1,__all__,0.849267088,long_tail_exposure_proxy_only,
goodbooks,bm25,128,u2i,ivfpq,42,gini_exposure,100,-1,__all__,0.6915456994,long_tail_exposure_proxy_only,
goodbooks,bm25,128,u2i,ivfpq,42,long_tail_exposure,10,-1,__all__,0.08874,long_tail_exposure_proxy_only,
goodbooks,bm25,128,u2i,ivfpq,42,long_tail_exposure,100,-1,__all__,0.136321,long_tail_exposure_proxy_only,
goodbooks,bm25,128,u2i,ivfpq,42,long_tail_uplift,10,-1,__all__,0.053632208479440675,long_tail_exposure_proxy_only,
goodbooks,bm25,128,u2i,ivfpq,42,user_popularity_calibration_error,10,-1,__all__,0.8121068427301837,popularity_calibration_proxy,mean |log1p(rec pop) - log1p(hist pop)| per user
ml-1m,bm25,128,i2i,flat,42,coverage,10,-1,__all__,0.7967732804981602,long_tail_exposure_proxy_only,
ml-1m,bm25,128,i2i,flat,42,coverage,100,-1,__all__,0.9949051797339372,long_tail_exposure_proxy_only,
ml-1m,bm25,128,i2i,flat,42,exposure_share_decile,10,0,__all__,0.006745111037454425,long_tail_exposure_proxy_only,
ml-1m,bm25,128,i2i,flat,42,exposure_share_decile,10,1,__all__,0.00778919456413656,long_tail_exposure_proxy_only,
ml-1m,bm25,128,i2i,flat,42,exposure_share_decile,10,2,__all__,0.021610871726881007,long_tail_exposure_proxy_only,
ml-1m,bm25,128,i2i,flat,42,exposure_share_decile,10,3,__all__,0.03256546237984753,long_tail_exposure_proxy_only,
ml-1m,bm25,128,i2i,flat,42,exposure_share_decile,10,4,__all__,0.04446470003314551,long_tail_exposure_proxy_only,
ml-1m,bm25,128,i2i,flat,42,exposure_share_decile,10,5,__all__,0.07361617500828638,long_tail_exposure_proxy_only,
ml-1m,bm25,128,i2i,flat,42,exposure_share_decile,10,6,__all__,0.09736493205170699,long_tail_exposure_proxy_only,
ml-1m,bm25,128,i2i,flat,42,exposure_share_decile,10,7,__all__,0.1269804441498177,long_tail_exposure_proxy_only,
ml-1m,bm25,128,i2i,flat,42,exposure_share_decile,10,8,__all__,0.17525687769307258,long_tail_exposure_proxy_only,
ml-1m,bm25,128,i2i,flat,42,exposure_share_decile,10,9,__all__,0.41360623135565133,long_tail_exposure_proxy_only,
ml-1m,bm25,128,i2i,flat,42,exposure_share_group,10,-1,head,0.41360623135565133,long_tail_exposure_proxy_only,
ml-1m,bm25,128,i2i,flat,42,exposure_share_group,10,-1,mid,0.5706165064633741,long_tail_exposure_proxy_only,
ml-1m,bm25,128,i2i,flat,42,exposure_share_group,10,-1,tail,0.01577726218097448,long_tail_exposure_proxy_only,
ml-1m,bm25,128,i2i,flat,42,gini_exposure,10,-1,__all__,0.6778737545455458,long_tail_exposure_proxy_only,
ml-1m,bm25,128,i2i,flat,42,gini_exposure,100,-1,__all__,0.5276165939945366,long_tail_exposure_proxy_only,
ml-1m,bm25,128,i2i,flat,42,long_tail_exposure,10,-1,__all__,0.016639045409347034,long_tail_exposure_proxy_only,
ml-1m,bm25,128,i2i,flat,42,long_tail_exposure,100,-1,__all__,0.03836095459065297,long_tail_exposure_proxy_only,
ml-1m,bm25,128,i2i,flat,42,long_tail_uplift,10,-1,__all__,0.01113695313862723,long_tail_exposure_proxy_only,
ml-1m,bm25,128,i2i,flat,42,user_popularity_calibration_error,10,-1,__all__,0.9121452064835356,popularity_calibration_proxy,mean |log1p(rec pop) - log1p(hist pop)| per user
ml-1m,bm25,128,i2i,flatpq,42,coverage,10,-1,__all__,0.8058307387489386,long_tail_exposure_proxy_only,
ml-1m,bm25,128,i2i,flatpq,42,coverage,100,-1,__all__,0.9963204075856212,long_tail_exposure_proxy_only,
ml-1m,bm25,128,i2i,flatpq,42,exposure_share_decile,10,0,__all__,0.008435531985415976,long_tail_exposure_proxy_only,
ml-1m,bm25,128,i2i,flatpq,42,exposure_share_decile,10,1,__all__,0.009313887968180312,long_tail_exposure_proxy_only,
ml-1m,bm25,128,i2i,flatpq,42,exposure_share_decile,10,2,__all__,0.024527676499834273,long_tail_exposure_proxy_only,
ml-1m,bm25,128,i2i,flatpq,42,exposure_share_decile,10,3,__all__,0.03443818362611866,long_tail_exposure_proxy_only,
ml-1m,bm25,128,i2i,flatpq,42,exposure_share_decile,10,4,__all__,0.04386808087504143,long_tail_exposure_proxy_only,
ml-1m,bm25,128,i2i,flatpq,42,exposure_share_decile,10,5,__all__,0.07341730195558502,long_tail_exposure_proxy_only,
ml-1m,bm25,128,i2i,flatpq,42,exposure_share_decile,10,6,__all__,0.09429897248922771,long_tail_exposure_proxy_only,
ml-1m,bm25,128,i2i,flatpq,42,exposure_share_decile,10,7,__all__,0.127709645343056,long_tail_exposure_proxy_only,
ml-1m,bm25,128,i2i,flatpq,42,exposure_share_decile,10,8,__all__,0.16968843221743454,long_tail_exposure_proxy_only,
ml-1m,bm25,128,i2i,flatpq,42,exposure_share_decile,10,9,__all__,0.4143022870401061,long_tail_exposure_proxy_only,
ml-1m,bm25,128,i2i,flatpq,42,exposure_share_group,10,-1,head,0.4143022870401061,long_tail_exposure_proxy_only,
ml-1m,bm25,128,i2i,flatpq,42,exposure_share_group,10,-1,mid,0.5665893271461717,long_tail_exposure_proxy_only,
ml-1m,bm25,128,i2i,flatpq,42,exposure_share_group,10,-1,tail,0.01910838581372224,long_tail_exposure_proxy_only,
ml-1m,bm25,128,i2i,flatpq,42,gini_exposure,10,-1,__all__,0.678148084526395,long_tail_exposure_proxy_only,
ml-1m,bm25,128,i2i,flatpq,42,gini_exposure,100,-1,__all__,0.5248345421796535,long_tail_exposure_proxy_only,
ml-1m,bm25,128,i2i,flatpq,42,long_tail_exposure,10,-1,__all__,0.020235333112363276,long_tail_exposure_proxy_only,
ml-1m,bm25,128,i2i,flatpq,42,long_tail_exposure,100,-1,__all__,0.04691415313225058,long_tail_exposure_proxy_only,
ml-1m,bm25,128,i2i,flatpq,42,long_tail_uplift,10,-1,__all__,0.014733240841643472,long_tail_exposure_proxy_only,
ml-1m,bm25,128,i2i,flatpq,42,user_popularity_calibration_error,10,-1,__all__,0.9204804799261137,popularity_calibration_proxy,mean |log1p(rec pop) - log1p(hist pop)| per user
ml-1m,bm25,128,i2i,hnsw,42,coverage,10,-1,__all__,0.7967732804981602,long_tail_exposure_proxy_only,
ml-1m,bm25,128,i2i,hnsw,42,coverage,100,-1,__all__,0.9946221341636003,long_tail_exposure_proxy_only,
ml-1m,bm25,128,i2i,hnsw,42,exposure_share_decile,10,0,__all__,0.006745111037454425,long_tail_exposure_proxy_only,
ml-1m,bm25,128,i2i,hnsw,42,exposure_share_decile,10,1,__all__,0.00778919456413656,long_tail_exposure_proxy_only,
ml-1m,bm25,128,i2i,hnsw,42,exposure_share_decile,10,2,__all__,0.021610871726881007,long_tail_exposure_proxy_only,
ml-1m,bm25,128,i2i,hnsw,42,exposure_share_decile,10,3,__all__,0.03256546237984753,long_tail_exposure_proxy_only,
ml-1m,bm25,128,i2i,hnsw,42,exposure_share_decile,10,4,__all__,0.04446470003314551,long_tail_exposure_proxy_only,
ml-1m,bm25,128,i2i,hnsw,42,exposure_share_decile,10,5,__all__,0.07361617500828638,long_tail_exposure_proxy_only,
ml-1m,bm25,128,i2i,hnsw,42,exposure_share_decile,10,6,__all__,0.09736493205170699,long_tail_exposure_proxy_only,
ml-1m,bm25,128,i2i,hnsw,42,exposure_share_decile,10,7,__all__,0.1269804441498177,long_tail_exposure_proxy_only,
ml-1m,bm25,128,i2i,hnsw,42,exposure_share_decile,10,8,__all__,0.17525687769307258,long_tail_exposure_proxy_only,
ml-1m,bm25,128,i2i,hnsw,42,exposure_share_decile,10,9,__all__,0.41360623135565133,long_tail_exposure_proxy_only,
ml-1m,bm25,128,i2i,hnsw,42,exposure_share_group,10,-1,head,0.41360623135565133,long_tail_exposure_proxy_only,
ml-1m,bm25,128,i2i,hnsw,42,exposure_share_group,10,-1,mid,0.5706165064633741,long_tail_exposure_proxy_only,
ml-1m,bm25,128,i2i,hnsw,42,exposure_share_group,10,-1,tail,0.01577726218097448,long_tail_exposure_proxy_only,
ml-1m,bm25,128,i2i,hnsw,42,gini_exposure,10,-1,__all__,0.6778737545455458,long_tail_exposure_proxy_only,
ml-1m,bm25,128,i2i,hnsw,42,gini_exposure,100,-1,__all__,0.5272319193970276,long_tail_exposure_proxy_only,
ml-1m,bm25,128,i2i,hnsw,42,long_tail_exposure,10,-1,__all__,0.016639045409347034,long_tail_exposure_proxy_only,
ml-1m,bm25,128,i2i,hnsw,42,long_tail_exposure,100,-1,__all__,0.03848193569771296,long_tail_exposure_proxy_only,
ml-1m,bm25,128,i2i,hnsw,42,long_tail_uplift,10,-1,__all__,0.01113695313862723,long_tail_exposure_proxy_only,
ml-1m,bm25,128,i2i,hnsw,42,user_popularity_calibration_error,10,-1,__all__,0.9121452064835356,popularity_calibration_proxy,mean |log1p(rec pop) - log1p(hist pop)| per user
ml-1m,bm25,128,i2i,ivfflat,42,coverage,10,-1,__all__,0.7964902349278233,long_tail_exposure_proxy_only,
ml-1m,bm25,128,i2i,ivfflat,42,coverage,100,-1,__all__,0.9943390885932635,long_tail_exposure_proxy_only,
ml-1m,bm25,128,i2i,ivfflat,42,exposure_share_decile,10,0,__all__,0.006827974809413324,long_tail_exposure_proxy_only,
ml-1m,bm25,128,i2i,ivfflat,42,exposure_share_decile,10,1,__all__,0.00768975803778588,long_tail_exposure_proxy_only,
ml-1m,bm25,128,i2i,ivfflat,42,exposure_share_decile,10,2,__all__,0.021644017235664566,long_tail_exposure_proxy_only,
ml-1m,bm25,128,i2i,ivfflat,42,exposure_share_decile,10,3,__all__,0.03228372555518727,long_tail_exposure_proxy_only,
ml-1m,bm25,128,i2i,ivfflat,42,exposure_share_decile,10,4,__all__,0.04451441829632085,long_tail_exposure_proxy_only,
ml-1m,bm25,128,i2i,ivfflat,42,exposure_share_decile,10,5,__all__,0.07424593967517401,long_tail_exposure_proxy_only,
ml-1m,bm25,128,i2i,ivfflat,42,exposure_share_decile,10,6,__all__,0.09700033145508784,long_tail_exposure_proxy_only,
ml-1m,bm25,128,i2i,ivfflat,42,exposure_share_decile,10,7,__all__,0.12620152469340404,long_tail_exposure_proxy_only,
ml-1m,bm25,128,i2i,ivfflat,42,exposure_share_decile,10,8,__all__,0.17550546900894928,long_tail_exposure_proxy_only,
ml-1m,bm25,128,i2i,ivfflat,42,exposure_share_decile,10,9,__all__,0.4140868412330129,long_tail_exposure_proxy_only,
ml-1m,bm25,128,i2i,ivfflat,42,exposure_share_group,10,-1,head,0.4140868412330129,long_tail_exposure_proxy_only,
ml-1m,bm25,128,i2i,ivfflat,42,exposure_share_group,10,-1,mid,0.5701358965860125,long_tail_exposure_proxy_only,
ml-1m,bm25,128,i2i,ivfflat,42,exposure_share_group,10,-1,tail,0.01577726218097448,long_tail_exposure_proxy_only,
ml-1m,bm25,128,i2i,ivfflat,42,gini_exposure,10,-1,__all__,0.6784629903140624,long_tail_exposure_proxy_only,
ml-1m,bm25,128,i2i,ivfflat,42,gini_exposure,100,-1,__all__,0.5318401846091321,long_tail_exposure_proxy_only,
ml-1m,bm25,128,i2i,ivfflat,42,long_tail_exposure,10,-1,__all__,0.016639045409347034,long_tail_exposure_proxy_only,
ml-1m,bm25,128,i2i,ivfflat,42,long_tail_exposure,100,-1,__all__,0.03832615180643023,long_tail_exposure_proxy_only,
ml-1m,bm25,128,i2i,ivfflat,42,long_tail_uplift,10,-1,__all__,0.01113695313862723,long_tail_exposure_proxy_only,
ml-1m,bm25,128,i2i,ivfflat,42,user_popularity_calibration_error,10,-1,__all__,0.91303975719234,popularity_calibration_proxy,mean |log1p(rec pop) - log1p(hist pop)| per user
ml-1m,bm25,128,i2i,ivfpq,42,coverage,10,-1,__all__,0.8086611944523068,long_tail_exposure_proxy_only,
ml-1m,bm25,128,i2i,ivfpq,42,coverage,100,-1,__all__,0.9980186810076422,long_tail_exposure_proxy_only,
ml-1m,bm25,128,i2i,ivfpq,42,exposure_share_decile,10,0,__all__,0.007756049055353,long_tail_exposure_proxy_only,
ml-1m,bm25,128,i2i,ivfpq,42,exposure_share_decile,10,1,__all__,0.008816705336426913,long_tail_exposure_proxy_only,
ml-1m,bm25,128,i2i,ivfpq,42,exposure_share_decile,10,2,__all__,0.023798475306595956,long_tail_exposure_proxy_only,
ml-1m,bm25,128,i2i,ivfpq,42,exposure_share_decile,10,3,__all__,0.03455419290686112,long_tail_exposure_proxy_only,
ml-1m,bm25,128,i2i,ivfpq,42,exposure_share_decile,10,4,__all__,0.04463042757706331,long_tail_exposure_proxy_only,
ml-1m,bm25,128,i2i,ivfpq,42,exposure_share_decile,10,5,__all__,0.07209148160424263,long_tail_exposure_proxy_only,
ml-1m,bm25,128,i2i,ivfpq,42,exposure_share_decile,10,6,__all__,0.09449784554192907,long_tail_exposure_proxy_only,
ml-1m,bm25,128,i2i,ivfpq,42,exposure_share_decile,10,7,__all__,0.1275770633079218,long_tail_exposure_proxy_only,
ml-1m,bm25,128,i2i,ivfpq,42,exposure_share_decile,10,8,__all__,0.17562147828969174,long_tail_exposure_proxy_only,
ml-1m,bm25,128,i2i,ivfpq,42,exposure_share_decile,10,9,__all__,0.4106562810739145,long_tail_exposure_proxy_only,
ml-1m,bm25,128,i2i,ivfpq,42,exposure_share_group,10,-1,head,0.4106562810739145,long_tail_exposure_proxy_only,
ml-1m,bm25,128,i2i,ivfpq,42,exposure_share_group,10,-1,mid,0.571312562147829,long_tail_exposure_proxy_only,
ml-1m,bm25,128,i2i,ivfpq,42,exposure_share_group,10,-1,tail,0.018031156778256546,long_tail_exposure_proxy_only,
ml-1m,bm25,128,i2i,ivfpq,42,gini_exposure,10,-1,__all__,0.671458198803816,long_tail_exposure_proxy_only,
ml-1m,bm25,128,i2i,ivfpq,42,gini_exposure,100,-1,__all__,0.5138596054568034,long_tail_exposure_proxy_only,
ml-1m,bm25,128,i2i,ivfpq,42,long_tail_exposure,10,-1,__all__,0.01904209479615512,long_tail_exposure_proxy_only,
ml-1m,bm25,128,i2i,ivfpq,42,long_tail_exposure,100,-1,__all__,0.04701690420947961,long_tail_exposure_proxy_only,
ml-1m,bm25,128,i2i,ivfpq,42,long_tail_uplift,10,-1,__all__,0.013540002525435316,long_tail_exposure_proxy_only,
ml-1m,bm25,128,i2i,ivfpq,42,user_popularity_calibration_error,10,-1,__all__,0.9194209055275803,popularity_calibration_proxy,mean |log1p(rec pop) - log1p(hist pop)| per user
ml-1m,bm25,128,u2i,flat,42,coverage,10,-1,__all__,0.4073025757146901,long_tail_exposure_proxy_only,
ml-1m,bm25,128,u2i,flat,42,coverage,100,-1,__all__,0.8024341919048967,long_tail_exposure_proxy_only,
ml-1m,bm25,128,u2i,flat,42,exposure_share_decile,10,0,__all__,0.0002320185614849188,long_tail_exposure_proxy_only,
ml-1m,bm25,128,u2i,flat,42,exposure_share_decile,10,1,__all__,0.00029830957905203843,long_tail_exposure_proxy_only,
ml-1m,bm25,128,u2i,flat,42,exposure_share_decile,10,2,__all__,0.0007292011932383163,long_tail_exposure_proxy_only,
ml-1m,bm25,128,u2i,flat,42,exposure_share_decile,10,3,__all__,0.0018727212462711302,long_tail_exposure_proxy_only,
ml-1m,bm25,128,u2i,flat,42,exposure_share_decile,10,4,__all__,0.00382830626450116,long_tail_exposure_proxy_only,
ml-1m,bm25,128,u2i,flat,42,exposure_share_decile,10,5,__all__,0.008054358634405038,long_tail_exposure_proxy_only,
ml-1m,bm25,128,u2i,flat,42,exposure_share_decile,10,6,__all__,0.013705667882001988,long_tail_exposure_proxy_only,
ml-1m,bm25,128,u2i,flat,42,exposure_share_decile,10,7,__all__,0.021992045077891945,long_tail_exposure_proxy_only,
ml-1m,bm25,128,u2i,flat,42,exposure_share_decile,10,8,__all__,0.05165727543917799,long_tail_exposure_proxy_only,
ml-1m,bm25,128,u2i,flat,42,exposure_share_decile,10,9,__all__,0.8976300961219754,long_tail_exposure_proxy_only,
ml-1m,bm25,128,u2i,flat,42,exposure_share_group,10,-1,head,0.8976300961219754,long_tail_exposure_proxy_only,
ml-1m,bm25,128,u2i,flat,42,exposure_share_group,10,-1,mid,0.10172356645674517,long_tail_exposure_proxy_only,
ml-1m,bm25,128,u2i,flat,42,exposure_share_group,10,-1,tail,0.0006463374212794166,long_tail_exposure_proxy_only,
ml-1m,bm25,128,u2i,flat,42,gini_exposure,10,-1,__all__,0.9463882418911009,long_tail_exposure_proxy_only,
ml-1m,bm25,128,u2i,flat,42,gini_exposure,100,-1,__all__,0.8639207843917959,long_tail_exposure_proxy_only,
ml-1m,bm25,128,u2i,flat,42,long_tail_exposure,10,-1,__all__,0.0006629101756711965,long_tail_exposure_proxy_only,
ml-1m,bm25,128,u2i,flat,42,long_tail_exposure,100,-1,__all__,0.0018246602585349685,long_tail_exposure_proxy_only,
ml-1m,bm25,128,u2i,flat,42,long_tail_uplift,10,-1,__all__,-0.004839182095048608,long_tail_exposure_proxy_only,
ml-1m,bm25,128,u2i,flat,42,user_popularity_calibration_error,10,-1,__all__,0.6242765075899376,popularity_calibration_proxy,mean |log1p(rec pop) - log1p(hist pop)| per user
ml-1m,bm25,128,u2i,flatpq,42,coverage,10,-1,__all__,0.3673931502971978,long_tail_exposure_proxy_only,
ml-1m,bm25,128,u2i,flatpq,42,coverage,100,-1,__all__,0.8075290121709595,long_tail_exposure_proxy_only,
ml-1m,bm25,128,u2i,flatpq,42,exposure_share_decile,10,0,__all__,0.0004474643685780577,long_tail_exposure_proxy_only,
ml-1m,bm25,128,u2i,flatpq,42,exposure_share_decile,10,1,__all__,0.00036460059661915813,long_tail_exposure_proxy_only,
ml-1m,bm25,128,u2i,flatpq,42,exposure_share_decile,10,2,__all__,0.0012263838249917136,long_tail_exposure_proxy_only,
ml-1m,bm25,128,u2i,flatpq,42,exposure_share_decile,10,3,__all__,0.0019887305270135896,long_tail_exposure_proxy_only,
ml-1m,bm25,128,u2i,flatpq,42,exposure_share_decile,10,4,__all__,0.0038780245276765,long_tail_exposure_proxy_only,
ml-1m,bm25,128,u2i,flatpq,42,exposure_share_decile,10,5,__all__,0.008170367915147497,long_tail_exposure_proxy_only,
ml-1m,bm25,128,u2i,flatpq,42,exposure_share_decile,10,6,__all__,0.012993039443155453,long_tail_exposure_proxy_only,
ml-1m,bm25,128,u2i,flatpq,42,exposure_share_decile,10,7,__all__,0.01738481935697713,long_tail_exposure_proxy_only,
ml-1m,bm25,128,u2i,flatpq,42,exposure_share_decile,10,8,__all__,0.03954259197878687,long_tail_exposure_proxy_only,
ml-1m,bm25,128,u2i,flatpq,42,exposure_share_decile,10,9,__all__,0.914003977461054,long_tail_exposure_proxy_only,
ml-1m,bm25,128,u2i,flatpq,42,exposure_share_group,10,-1,head,0.914003977461054,long_tail_exposure_proxy_only,
ml-1m,bm25,128,u2i,flatpq,42,exposure_share_group,10,-1,mid,0.08506794829300633,long_tail_exposure_proxy_only,
ml-1m,bm25,128,u2i,flatpq,42,exposure_share_group,10,-1,tail,0.0009280742459396752,long_tail_exposure_proxy_only,
ml-1m,bm25,128,u2i,flatpq,42,gini_exposure,10,-1,__all__,0.9605561315391665,long_tail_exposure_proxy_only,
ml-1m,bm25,128,u2i,flatpq,42,gini_exposure,100,-1,__all__,0.8747507449295956,long_tail_exposure_proxy_only,
ml-1m,bm25,128,u2i,flatpq,42,long_tail_exposure,10,-1,__all__,0.000977792509115015,long_tail_exposure_proxy_only,
ml-1m,bm25,128,u2i,flatpq,42,long_tail_exposure,100,-1,__all__,0.002709645343056016,long_tail_exposure_proxy_only,
ml-1m,bm25,128,u2i,flatpq,42,long_tail_uplift,10,-1,__all__,-0.0045242997616047895,long_tail_exposure_proxy_only,
ml-1m,bm25,128,u2i,flatpq,42,user_popularity_calibration_error,10,-1,__all__,0.6335341555879104,popularity_calibration_proxy,mean |log1p(rec pop) - log1p(hist pop)| per user
ml-1m,bm25,128,u2i,hnsw,42,coverage,10,-1,__all__,0.4073025757146901,long_tail_exposure_proxy_only,
ml-1m,bm25,128,u2i,hnsw,42,coverage,100,-1,__all__,0.80837814888197,long_tail_exposure_proxy_only,
ml-1m,bm25,128,u2i,hnsw,42,exposure_share_decile,10,0,__all__,0.0002320185614849188,long_tail_exposure_proxy_only,
ml-1m,bm25,128,u2i,hnsw,42,exposure_share_decile,10,1,__all__,0.00029830957905203843,long_tail_exposure_proxy_only,
ml-1m,bm25,128,u2i,hnsw,42,exposure_share_decile,10,2,__all__,0.0007292011932383163,long_tail_exposure_proxy_only,
ml-1m,bm25,128,u2i,hnsw,42,exposure_share_decile,10,3,__all__,0.0018727212462711302,long_tail_exposure_proxy_only,
ml-1m,bm25,128,u2i,hnsw,42,exposure_share_decile,10,4,__all__,0.00382830626450116,long_tail_exposure_proxy_only,
ml-1m,bm25,128,u2i,hnsw,42,exposure_share_decile,10,5,__all__,0.008070931388796818,long_tail_exposure_proxy_only,
ml-1m,bm25,128,u2i,hnsw,42,exposure_share_decile,10,6,__all__,0.013639376864434869,long_tail_exposure_proxy_only,
ml-1m,bm25,128,u2i,hnsw,42,exposure_share_decile,10,7,__all__,0.021975472323500167,long_tail_exposure_proxy_only,
ml-1m,bm25,128,u2i,hnsw,42,exposure_share_decile,10,8,__all__,0.05149154789526019,long_tail_exposure_proxy_only,
ml-1m,bm25,128,u2i,hnsw,42,exposure_share_decile,10,9,__all__,0.8978621146834604,long_tail_exposure_proxy_only,
ml-1m,bm25,128,u2i,hnsw,42,exposure_share_group,10,-1,head,0.8978621146834604,long_tail_exposure_proxy_only,
ml-1m,bm25,128,u2i,hnsw,42,exposure_share_group,10,-1,mid,0.10149154789526015,long_tail_exposure_proxy_only,
ml-1m,bm25,128,u2i,hnsw,42,exposure_share_group,10,-1,tail,0.0006463374212794166,long_tail_exposure_proxy_only,
ml-1m,bm25,128,u2i,hnsw,42,gini_exposure,10,-1,__all__,0.9463918350781556,long_tail_exposure_proxy_only,
ml-1m,bm25,128,u2i,hnsw,42,gini_exposure,100,-1,__all__,0.8628222288999003,long_tail_exposure_proxy_only,
ml-1m,bm25,128,u2i,hnsw,42,long_tail_exposure,10,-1,__all__,0.0006629101756711965,long_tail_exposure_proxy_only,
ml-1m,bm25,128,u2i,hnsw,42,long_tail_exposure,100,-1,__all__,0.001929068611203182,long_tail_exposure_proxy_only,
ml-1m,bm25,128,u2i,hnsw,42,long_tail_uplift,10,-1,__all__,-0.004839182095048608,long_tail_exposure_proxy_only,
ml-1m,bm25,128,u2i,hnsw,42,user_popularity_calibration_error,10,-1,__all__,0.6244884179227351,popularity_calibration_proxy,mean |log1p(rec pop) - log1p(hist pop)| per user
ml-1m,bm25,128,u2i,ivfflat,42,coverage,10,-1,__all__,0.4067364845740164,long_tail_exposure_proxy_only,
ml-1m,bm25,128,u2i,ivfflat,42,coverage,100,-1,__all__,0.8015850551938862,long_tail_exposure_proxy_only,
ml-1m,bm25,128,u2i,ivfflat,42,exposure_share_decile,10,0,__all__,0.0002320185614849188,long_tail_exposure_proxy_only,
ml-1m,bm25,128,u2i,ivfflat,42,exposure_share_decile,10,1,__all__,0.00029830957905203843,long_tail_exposure_proxy_only,
ml-1m,bm25,128,u2i,ivfflat,42,exposure_share_decile,10,2,__all__,0.0007457739476300962,long_tail_exposure_proxy_only,
ml-1m,bm25,128,u2i,ivfflat,42,exposure_share_decile,10,3,__all__,0.0018561484918793504,long_tail_exposure_proxy_only,
ml-1m,bm25,128,u2i,ivfflat,42,exposure_share_decile,10,4,__all__,0.00382830626450116,long_tail_exposure_proxy_only,
ml-1m,bm25,128,u2i,ivfflat,42,exposure_share_decile,10,5,__all__,0.008054358634405038,long_tail_exposure_proxy_only,
ml-1m,bm25,128,u2i,ivfflat,42,exposure_share_decile,10,6,__all__,0.013689095127610209,long_tail_exposure_proxy_only,
ml-1m,bm25,128,u2i,ivfflat,42,exposure_share_decile,10,7,__all__,0.021925754060324827,long_tail_exposure_proxy_only,
ml-1m,bm25,128,u2i,ivfflat,42,exposure_share_decile,10,8,__all__,0.05167384819356977,long_tail_exposure_proxy_only,
ml-1m,bm25,128,u2i,ivfflat,42,exposure_share_decile,10,9,__all__,0.8976963871395426,long_tail_exposure_proxy_only,
ml-1m,bm25,128,u2i,ivfflat,42,exposure_share_group,10,-1,head,0.8976963871395426,long_tail_exposure_proxy_only,
ml-1m,bm25,128,u2i,ivfflat,42,exposure_share_group,10,-1,mid,0.101657275439178,long_tail_exposure_proxy_only,
ml-1m,bm25,128,u2i,ivfflat,42,exposure_share_group,10,-1,tail,0.0006463374212794166,long_tail_exposure_proxy_only,
ml-1m,bm25,128,u2i,ivfflat,42,gini_exposure,10,-1,__all__,0.9464480126345087,long_tail_exposure_proxy_only,
ml-1m,bm25,128,u2i,ivfflat,42,gini_exposure,100,-1,__all__,0.8645954047922232,long_tail_exposure_proxy_only,
ml-1m,bm25,128,u2i,ivfflat,42,long_tail_exposure,10,-1,__all__,0.0006629101756711965,long_tail_exposure_proxy_only,
ml-1m,bm25,128,u2i,ivfflat,42,long_tail_exposure,100,-1,__all__,0.0018080875041431887,long_tail_exposure_proxy_only,
ml-1m,bm25,128,u2i,ivfflat,42,long_tail_uplift,10,-1,__all__,-0.004839182095048608,long_tail_exposure_proxy_only,
ml-1m,bm25,128,u2i,ivfflat,42,user_popularity_calibration_error,10,-1,__all__,0.624465870648121,popularity_calibration_proxy,mean |log1p(rec pop) - log1p(hist pop)| per user
ml-1m,bm25,128,u2i,ivfpq,42,coverage,10,-1,__all__,0.41522785168412113,long_tail_exposure_proxy_only,
ml-1m,bm25,128,u2i,ivfpq,42,coverage,100,-1,__all__,0.8324370223606,long_tail_exposure_proxy_only,
ml-1m,bm25,128,u2i,ivfpq,42,exposure_share_decile,10,0,__all__,0.00031488233344381834,long_tail_exposure_proxy_only,
ml-1m,bm25,128,u2i,ivfpq,42,exposure_share_decile,10,1,__all__,0.0002817368246602585,long_tail_exposure_proxy_only,
ml-1m,bm25,128,u2i,ivfpq,42,exposure_share_decile,10,2,__all__,0.000961219754723235,long_tail_exposure_proxy_only,
ml-1m,bm25,128,u2i,ivfpq,42,exposure_share_decile,10,3,__all__,0.002353331123632748,long_tail_exposure_proxy_only,
ml-1m,bm25,128,u2i,ivfpq,42,exposure_share_decile,10,4,__all__,0.004888962545575075,long_tail_exposure_proxy_only,
ml-1m,bm25,128,u2i,ivfpq,42,exposure_share_decile,10,5,__all__,0.011998674179648658,long_tail_exposure_proxy_only,
ml-1m,bm25,128,u2i,ivfpq,42,exposure_share_decile,10,6,__all__,0.014418296320848525,long_tail_exposure_proxy_only,
ml-1m,bm25,128,u2i,ivfpq,42,exposure_share_decile,10,7,__all__,0.027427908518395758,long_tail_exposure_proxy_only,
ml-1m,bm25,128,u2i,ivfpq,42,exposure_share_decile,10,8,__all__,0.0688929400066291,long_tail_exposure_proxy_only,
ml-1m,bm25,128,u2i,ivfpq,42,exposure_share_decile,10,9,__all__,0.8684620483924428,long_tail_exposure_proxy_only,
ml-1m,bm25,128,u2i,ivfpq,42,exposure_share_group,10,-1,head,0.8684620483924428,long_tail_exposure_proxy_only,
ml-1m,bm25,128,u2i,ivfpq,42,exposure_share_group,10,-1,mid,0.13082532316871068,long_tail_exposure_proxy_only,
ml-1m,bm25,128,u2i,ivfpq,42,exposure_share_group,10,-1,tail,0.0007126284388465363,long_tail_exposure_proxy_only,
ml-1m,bm25,128,u2i,ivfpq,42,gini_exposure,10,-1,__all__,0.9430938804084149,long_tail_exposure_proxy_only,
ml-1m,bm25,128,u2i,ivfpq,42,gini_exposure,100,-1,__all__,0.8598801742479942,long_tail_exposure_proxy_only,
ml-1m,bm25,128,u2i,ivfpq,42,long_tail_exposure,10,-1,__all__,0.0007457739476300962,long_tail_exposure_proxy_only,
ml-1m,bm25,128,u2i,ivfpq,42,long_tail_exposure,100,-1,__all__,0.002726218097447796,long_tail_exposure_proxy_only,
ml-1m,bm25,128,u2i,ivfpq,42,long_tail_uplift,10,-1,__all__,-0.0047563183230897085,long_tail_exposure_proxy_only,
ml-1m,bm25,128,u2i,ivfpq,42,user_popularity_calibration_error,10,-1,__all__,0.5690281010244596,popularity_calibration_proxy,mean |log1p(rec pop) - log1p(hist pop)| per user
ml-20m,bm25,128,i2i,flat,42,coverage,10,-1,__all__,0.3467488201363398,long_tail_exposure_proxy_only,
ml-20m,bm25,128,i2i,flat,42,coverage,100,-1,__all__,0.6638262541513721,long_tail_exposure_proxy_only,
ml-20m,bm25,128,i2i,flat,42,exposure_share_decile,10,0,__all__,0.00014,long_tail_exposure_proxy_only,
ml-20m,bm25,128,i2i,flat,42,exposure_share_decile,10,1,__all__,0.00201,long_tail_exposure_proxy_only,
ml-20m,bm25,128,i2i,flat,42,exposure_share_decile,10,2,__all__,0.00132,long_tail_exposure_proxy_only,
ml-20m,bm25,128,i2i,flat,42,exposure_share_decile,10,3,__all__,0.00191,long_tail_exposure_proxy_only,
ml-20m,bm25,128,i2i,flat,42,exposure_share_decile,10,4,__all__,0.00207,long_tail_exposure_proxy_only,
ml-20m,bm25,128,i2i,flat,42,exposure_share_decile,10,5,__all__,0.00647,long_tail_exposure_proxy_only,
ml-20m,bm25,128,i2i,flat,42,exposure_share_decile,10,6,__all__,0.02669,long_tail_exposure_proxy_only,
ml-20m,bm25,128,i2i,flat,42,exposure_share_decile,10,7,__all__,0.07856,long_tail_exposure_proxy_only,
ml-20m,bm25,128,i2i,flat,42,exposure_share_decile,10,8,__all__,0.18644,long_tail_exposure_proxy_only,
ml-20m,bm25,128,i2i,flat,42,exposure_share_decile,10,9,__all__,0.69439,long_tail_exposure_proxy_only,
ml-20m,bm25,128,i2i,flat,42,exposure_share_group,10,-1,head,0.69489,long_tail_exposure_proxy_only,
ml-20m,bm25,128,i2i,flat,42,exposure_share_group,10,-1,mid,0.30274,long_tail_exposure_proxy_only,
ml-20m,bm25,128,i2i,flat,42,exposure_share_group,10,-1,tail,0.00237,long_tail_exposure_proxy_only,
ml-20m,bm25,128,i2i,flat,42,gini_exposure,10,-1,__all__,0.8873155488550953,long_tail_exposure_proxy_only,
ml-20m,bm25,128,i2i,flat,42,gini_exposure,100,-1,__all__,0.7971403242440134,long_tail_exposure_proxy_only,
ml-20m,bm25,128,i2i,flat,42,long_tail_exposure,10,-1,__all__,0.00284,long_tail_exposure_proxy_only,
ml-20m,bm25,128,i2i,flat,42,long_tail_exposure,100,-1,__all__,0.007991,long_tail_exposure_proxy_only,
ml-20m,bm25,128,i2i,flat,42,long_tail_uplift,10,-1,__all__,0.002244585488061143,long_tail_exposure_proxy_only,
ml-20m,bm25,128,i2i,flat,42,user_popularity_calibration_error,10,-1,__all__,1.5063319620075364,popularity_calibration_proxy,mean |log1p(rec pop) - log1p(hist pop)| per user
ml-20m,bm25,128,i2i,flatpq,42,coverage,10,-1,__all__,0.34653032686593255,long_tail_exposure_proxy_only,
ml-20m,bm25,128,i2i,flatpq,42,coverage,100,-1,__all__,0.6827040727145604,long_tail_exposure_proxy_only,
ml-20m,bm25,128,i2i,flatpq,42,exposure_share_decile,10,0,__all__,0.00014,long_tail_exposure_proxy_only,
ml-20m,bm25,128,i2i,flatpq,42,exposure_share_decile,10,1,__all__,0.00213,long_tail_exposure_proxy_only,
ml-20m,bm25,128,i2i,flatpq,42,exposure_share_decile,10,2,__all__,0.00197,long_tail_exposure_proxy_only,
ml-20m,bm25,128,i2i,flatpq,42,exposure_share_decile,10,3,__all__,0.0022,long_tail_exposure_proxy_only,
ml-20m,bm25,128,i2i,flatpq,42,exposure_share_decile,10,4,__all__,0.00231,long_tail_exposure_proxy_only,
ml-20m,bm25,128,i2i,flatpq,42,exposure_share_decile,10,5,__all__,0.0082,long_tail_exposure_proxy_only,
ml-20m,bm25,128,i2i,flatpq,42,exposure_share_decile,10,6,__all__,0.02765,long_tail_exposure_proxy_only,
ml-20m,bm25,128,i2i,flatpq,42,exposure_share_decile,10,7,__all__,0.08061,long_tail_exposure_proxy_only,
ml-20m,bm25,128,i2i,flatpq,42,exposure_share_decile,10,8,__all__,0.18391,long_tail_exposure_proxy_only,
ml-20m,bm25,128,i2i,flatpq,42,exposure_share_decile,10,9,__all__,0.69088,long_tail_exposure_proxy_only,
ml-20m,bm25,128,i2i,flatpq,42,exposure_share_group,10,-1,head,0.6915,long_tail_exposure_proxy_only,
ml-20m,bm25,128,i2i,flatpq,42,exposure_share_group,10,-1,mid,0.30591999999999997,long_tail_exposure_proxy_only,
ml-20m,bm25,128,i2i,flatpq,42,exposure_share_group,10,-1,tail,0.00258,long_tail_exposure_proxy_only,
ml-20m,bm25,128,i2i,flatpq,42,gini_exposure,10,-1,__all__,0.8887005261317952,long_tail_exposure_proxy_only,
ml-20m,bm25,128,i2i,flatpq,42,gini_exposure,100,-1,__all__,0.7964920089145254,long_tail_exposure_proxy_only,
ml-20m,bm25,128,i2i,flatpq,42,long_tail_exposure,10,-1,__all__,0.00329,long_tail_exposure_proxy_only,
ml-20m,bm25,128,i2i,flatpq,42,long_tail_exposure,100,-1,__all__,0.010414,long_tail_exposure_proxy_only,
ml-20m,bm25,128,i2i,flatpq,42,long_tail_uplift,10,-1,__all__,0.002694585488061143,long_tail_exposure_proxy_only,
ml-20m,bm25,128,i2i,flatpq,42,user_popularity_calibration_error,10,-1,__all__,1.5050842514509941,popularity_calibration_proxy,mean |log1p(rec pop) - log1p(hist pop)| per user
ml-20m,bm25,128,i2i,hnsw,42,coverage,10,-1,__all__,0.346574025520014,long_tail_exposure_proxy_only,
ml-20m,bm25,128,i2i,hnsw,42,coverage,100,-1,__all__,0.6590631008564937,long_tail_exposure_proxy_only,
ml-20m,bm25,128,i2i,hnsw,42,exposure_share_decile,10,0,__all__,0.00014,long_tail_exposure_proxy_only,
ml-20m,bm25,128,i2i,hnsw,42,exposure_share_decile,10,1,__all__,0.00219,long_tail_exposure_proxy_only,
ml-20m,bm25,128,i2i,hnsw,42,exposure_share_decile,10,2,__all__,0.00127,long_tail_exposure_proxy_only,
ml-20m,bm25,128,i2i,hnsw,42,exposure_share_decile,10,3,__all__,0.00184,long_tail_exposure_proxy_only,
ml-20m,bm25,128,i2i,hnsw,42,exposure_share_decile,10,4,__all__,0.00188,long_tail_exposure_proxy_only,
ml-20m,bm25,128,i2i,hnsw,42,exposure_share_decile,10,5,__all__,0.00647,long_tail_exposure_proxy_only,
ml-20m,bm25,128,i2i,hnsw,42,exposure_share_decile,10,6,__all__,0.02669,long_tail_exposure_proxy_only,
ml-20m,bm25,128,i2i,hnsw,42,exposure_share_decile,10,7,__all__,0.07857,long_tail_exposure_proxy_only,
ml-20m,bm25,128,i2i,hnsw,42,exposure_share_decile,10,8,__all__,0.18644,long_tail_exposure_proxy_only,
ml-20m,bm25,128,i2i,hnsw,42,exposure_share_decile,10,9,__all__,0.69451,long_tail_exposure_proxy_only,
ml-20m,bm25,128,i2i,hnsw,42,exposure_share_group,10,-1,head,0.69501,long_tail_exposure_proxy_only,
ml-20m,bm25,128,i2i,hnsw,42,exposure_share_group,10,-1,mid,0.30244,long_tail_exposure_proxy_only,
ml-20m,bm25,128,i2i,hnsw,42,exposure_share_group,10,-1,tail,0.00255,long_tail_exposure_proxy_only,
ml-20m,bm25,128,i2i,hnsw,42,gini_exposure,10,-1,__all__,0.8873846495367942,long_tail_exposure_proxy_only,
ml-20m,bm25,128,i2i,hnsw,42,gini_exposure,100,-1,__all__,0.798657906659675,long_tail_exposure_proxy_only,
ml-20m,bm25,128,i2i,hnsw,42,long_tail_exposure,10,-1,__all__,0.00302,long_tail_exposure_proxy_only,
ml-20m,bm25,128,i2i,hnsw,42,long_tail_exposure,100,-1,__all__,0.007857,long_tail_exposure_proxy_only,
ml-20m,bm25,128,i2i,hnsw,42,long_tail_uplift,10,-1,__all__,0.0024245854880611427,long_tail_exposure_proxy_only,
ml-20m,bm25,128,i2i,hnsw,42,user_popularity_calibration_error,10,-1,__all__,1.5059166896010694,popularity_calibration_proxy,mean |log1p(rec pop) - log1p(hist pop)| per user
ml-20m,bm25,128,i2i,ivfflat,42,coverage,10,-1,__all__,0.3462244362873623,long_tail_exposure_proxy_only,
ml-20m,bm25,128,i2i,ivfflat,42,coverage,100,-1,__all__,0.6606799510575074,long_tail_exposure_proxy_only,
ml-20m,bm25,128,i2i,ivfflat,42,exposure_share_decile,10,0,__all__,0.00014,long_tail_exposure_proxy_only,
ml-20m,bm25,128,i2i,ivfflat,42,exposure_share_decile,10,1,__all__,0.00199,long_tail_exposure_proxy_only,
ml-20m,bm25,128,i2i,ivfflat,42,exposure_share_decile,10,2,__all__,0.00124,long_tail_exposure_proxy_only,
ml-20m,bm25,128,i2i,ivfflat,42,exposure_share_decile,10,3,__all__,0.00138,long_tail_exposure_proxy_only,
ml-20m,bm25,128,i2i,ivfflat,42,exposure_share_decile,10,4,__all__,0.00187,long_tail_exposure_proxy_only,
ml-20m,bm25,128,i2i,ivfflat,42,exposure_share_decile,10,5,__all__,0.00646,long_tail_exposure_proxy_only,
ml-20m,bm25,128,i2i,ivfflat,42,exposure_share_decile,10,6,__all__,0.02685,long_tail_exposure_proxy_only,
ml-20m,bm25,128,i2i,ivfflat,42,exposure_share_decile,10,7,__all__,0.07927,long_tail_exposure_proxy_only,
ml-20m,bm25,128,i2i,ivfflat,42,exposure_share_decile,10,8,__all__,0.18572,long_tail_exposure_proxy_only,
ml-20m,bm25,128,i2i,ivfflat,42,exposure_share_decile,10,9,__all__,0.69508,long_tail_exposure_proxy_only,
ml-20m,bm25,128,i2i,ivfflat,42,exposure_share_group,10,-1,head,0.69558,long_tail_exposure_proxy_only,
ml-20m,bm25,128,i2i,ivfflat,42,exposure_share_group,10,-1,mid,0.30203,long_tail_exposure_proxy_only,
ml-20m,bm25,128,i2i,ivfflat,42,exposure_share_group,10,-1,tail,0.00239,long_tail_exposure_proxy_only,
ml-20m,bm25,128,i2i,ivfflat,42,gini_exposure,10,-1,__all__,0.8878879391714735,long_tail_exposure_proxy_only,
ml-20m,bm25,128,i2i,ivfflat,42,gini_exposure,100,-1,__all__,0.8011707577346618,long_tail_exposure_proxy_only,
ml-20m,bm25,128,i2i,ivfflat,42,long_tail_exposure,10,-1,__all__,0.00297,long_tail_exposure_proxy_only,
ml-20m,bm25,128,i2i,ivfflat,42,long_tail_exposure,100,-1,__all__,0.007866,long_tail_exposure_proxy_only,
ml-20m,bm25,128,i2i,ivfflat,42,long_tail_uplift,10,-1,__all__,0.002374585488061143,long_tail_exposure_proxy_only,
ml-20m,bm25,128,i2i,ivfflat,42,user_popularity_calibration_error,10,-1,__all__,1.503778867141386,popularity_calibration_proxy,mean |log1p(rec pop) - log1p(hist pop)| per user
ml-20m,bm25,128,i2i,ivfpq,42,coverage,10,-1,__all__,0.3473169026393987,long_tail_exposure_proxy_only,
ml-20m,bm25,128,i2i,ivfpq,42,coverage,100,-1,__all__,0.6853259919594477,long_tail_exposure_proxy_only,
ml-20m,bm25,128,i2i,ivfpq,42,exposure_share_decile,10,0,__all__,0.00026,long_tail_exposure_proxy_only,
ml-20m,bm25,128,i2i,ivfpq,42,exposure_share_decile,10,1,__all__,0.00253,long_tail_exposure_proxy_only,
ml-20m,bm25,128,i2i,ivfpq,42,exposure_share_decile,10,2,__all__,0.00156,long_tail_exposure_proxy_only,
ml-20m,bm25,128,i2i,ivfpq,42,exposure_share_decile,10,3,__all__,0.00204,long_tail_exposure_proxy_only,
ml-20m,bm25,128,i2i,ivfpq,42,exposure_share_decile,10,4,__all__,0.00218,long_tail_exposure_proxy_only,
ml-20m,bm25,128,i2i,ivfpq,42,exposure_share_decile,10,5,__all__,0.00732,long_tail_exposure_proxy_only,
ml-20m,bm25,128,i2i,ivfpq,42,exposure_share_decile,10,6,__all__,0.02787,long_tail_exposure_proxy_only,
ml-20m,bm25,128,i2i,ivfpq,42,exposure_share_decile,10,7,__all__,0.07785,long_tail_exposure_proxy_only,
ml-20m,bm25,128,i2i,ivfpq,42,exposure_share_decile,10,8,__all__,0.17833,long_tail_exposure_proxy_only,
ml-20m,bm25,128,i2i,ivfpq,42,exposure_share_decile,10,9,__all__,0.70006,long_tail_exposure_proxy_only,
ml-20m,bm25,128,i2i,ivfpq,42,exposure_share_group,10,-1,head,0.70046,long_tail_exposure_proxy_only,
ml-20m,bm25,128,i2i,ivfpq,42,exposure_share_group,10,-1,mid,0.29642,long_tail_exposure_proxy_only,
ml-20m,bm25,128,i2i,ivfpq,42,exposure_share_group,10,-1,tail,0.00312,long_tail_exposure_proxy_only,
ml-20m,bm25,128,i2i,ivfpq,42,gini_exposure,10,-1,__all__,0.8881920075161686,long_tail_exposure_proxy_only,
ml-20m,bm25,128,i2i,ivfpq,42,gini_exposure,100,-1,__all__,0.7972195338227583,long_tail_exposure_proxy_only,
ml-20m,bm25,128,i2i,ivfpq,42,long_tail_exposure,10,-1,__all__,0.00348,long_tail_exposure_proxy_only,
ml-20m,bm25,128,i2i,ivfpq,42,long_tail_exposure,100,-1,__all__,0.011118,long_tail_exposure_proxy_only,
ml-20m,bm25,128,i2i,ivfpq,42,long_tail_uplift,10,-1,__all__,0.002884585488061143,long_tail_exposure_proxy_only,
ml-20m,bm25,128,i2i,ivfpq,42,user_popularity_calibration_error,10,-1,__all__,1.4863779498247105,popularity_calibration_proxy,mean |log1p(rec pop) - log1p(hist pop)| per user
ml-20m,bm25,128,u2i,flat,42,coverage,10,-1,__all__,0.20302394686243663,long_tail_exposure_proxy_only,
ml-20m,bm25,128,u2i,flat,42,coverage,100,-1,__all__,0.4508390141583639,long_tail_exposure_proxy_only,
ml-20m,bm25,128,u2i,flat,42,exposure_share_decile,10,0,__all__,0.0,long_tail_exposure_proxy_only,
ml-20m,bm25,128,u2i,flat,42,exposure_share_decile,10,1,__all__,0.0,long_tail_exposure_proxy_only,
ml-20m,bm25,128,u2i,flat,42,exposure_share_decile,10,2,__all__,1e-05,long_tail_exposure_proxy_only,
ml-20m,bm25,128,u2i,flat,42,exposure_share_decile,10,3,__all__,2e-05,long_tail_exposure_proxy_only,
ml-20m,bm25,128,u2i,flat,42,exposure_share_decile,10,4,__all__,0.00017,long_tail_exposure_proxy_only,
ml-20m,bm25,128,u2i,flat,42,exposure_share_decile,10,5,__all__,0.00057,long_tail_exposure_proxy_only,
ml-20m,bm25,128,u2i,flat,42,exposure_share_decile,10,6,__all__,0.00481,long_tail_exposure_proxy_only,
ml-20m,bm25,128,u2i,flat,42,exposure_share_decile,10,7,__all__,0.02398,long_tail_exposure_proxy_only,
ml-20m,bm25,128,u2i,flat,42,exposure_share_decile,10,8,__all__,0.09179,long_tail_exposure_proxy_only,
ml-20m,bm25,128,u2i,flat,42,exposure_share_decile,10,9,__all__,0.87865,long_tail_exposure_proxy_only,
ml-20m,bm25,128,u2i,flat,42,exposure_share_group,10,-1,head,0.8788,long_tail_exposure_proxy_only,
ml-20m,bm25,128,u2i,flat,42,exposure_share_group,10,-1,mid,0.12119999999999997,long_tail_exposure_proxy_only,
ml-20m,bm25,128,u2i,flat,42,exposure_share_group,10,-1,tail,0.0,long_tail_exposure_proxy_only,
ml-20m,bm25,128,u2i,flat,42,gini_exposure,10,-1,__all__,0.9662887458486279,long_tail_exposure_proxy_only,
ml-20m,bm25,128,u2i,flat,42,gini_exposure,100,-1,__all__,0.9215095917671735,long_tail_exposure_proxy_only,
ml-20m,bm25,128,u2i,flat,42,long_tail_exposure,10,-1,__all__,0.0,long_tail_exposure_proxy_only,
ml-20m,bm25,128,u2i,flat,42,long_tail_exposure,100,-1,__all__,0.000108,long_tail_exposure_proxy_only,
ml-20m,bm25,128,u2i,flat,42,long_tail_uplift,10,-1,__all__,-0.0005954145119388572,long_tail_exposure_proxy_only,
ml-20m,bm25,128,u2i,flat,42,user_popularity_calibration_error,10,-1,__all__,0.6211699049761031,popularity_calibration_proxy,mean |log1p(rec pop) - log1p(hist pop)| per user
ml-20m,bm25,128,u2i,flatpq,42,coverage,10,-1,__all__,0.16762803705645865,long_tail_exposure_proxy_only,
ml-20m,bm25,128,u2i,flatpq,42,coverage,100,-1,__all__,0.444590106624716,long_tail_exposure_proxy_only,
ml-20m,bm25,128,u2i,flatpq,42,exposure_share_decile,10,0,__all__,1e-05,long_tail_exposure_proxy_only,
ml-20m,bm25,128,u2i,flatpq,42,exposure_share_decile,10,1,__all__,2e-05,long_tail_exposure_proxy_only,
ml-20m,bm25,128,u2i,flatpq,42,exposure_share_decile,10,2,__all__,0.00016,long_tail_exposure_proxy_only,
ml-20m,bm25,128,u2i,flatpq,42,exposure_share_decile,10,3,__all__,0.00012,long_tail_exposure_proxy_only,
ml-20m,bm25,128,u2i,flatpq,42,exposure_share_decile,10,4,__all__,0.00036,long_tail_exposure_proxy_only,
ml-20m,bm25,128,u2i,flatpq,42,exposure_share_decile,10,5,__all__,0.00156,long_tail_exposure_proxy_only,
ml-20m,bm25,128,u2i,flatpq,42,exposure_share_decile,10,6,__all__,0.00642,long_tail_exposure_proxy_only,
ml-20m,bm25,128,u2i,flatpq,42,exposure_share_decile,10,7,__all__,0.02387,long_tail_exposure_proxy_only,
ml-20m,bm25,128,u2i,flatpq,42,exposure_share_decile,10,8,__all__,0.07324,long_tail_exposure_proxy_only,
ml-20m,bm25,128,u2i,flatpq,42,exposure_share_decile,10,9,__all__,0.89424,long_tail_exposure_proxy_only,
ml-20m,bm25,128,u2i,flatpq,42,exposure_share_group,10,-1,head,0.89448,long_tail_exposure_proxy_only,
ml-20m,bm25,128,u2i,flatpq,42,exposure_share_group,10,-1,mid,0.10545999999999994,long_tail_exposure_proxy_only,
ml-20m,bm25,128,u2i,flatpq,42,exposure_share_group,10,-1,tail,6e-05,long_tail_exposure_proxy_only,
ml-20m,bm25,128,u2i,flatpq,42,gini_exposure,10,-1,__all__,0.9785631130921167,long_tail_exposure_proxy_only,
ml-20m,bm25,128,u2i,flatpq,42,gini_exposure,100,-1,__all__,0.935966807725922,long_tail_exposure_proxy_only,
ml-20m,bm25,128,u2i,flatpq,42,long_tail_exposure,10,-1,__all__,0.00015,long_tail_exposure_proxy_only,
ml-20m,bm25,128,u2i,flatpq,42,long_tail_exposure,100,-1,__all__,0.000335,long_tail_exposure_proxy_only,
ml-20m,bm25,128,u2i,flatpq,42,long_tail_uplift,10,-1,__all__,-0.0004454145119388573,long_tail_exposure_proxy_only,
ml-20m,bm25,128,u2i,flatpq,42,user_popularity_calibration_error,10,-1,__all__,0.6277857241028667,popularity_calibration_proxy,mean |log1p(rec pop) - log1p(hist pop)| per user
ml-20m,bm25,128,u2i,hnsw,42,coverage,10,-1,__all__,0.203155042824681,long_tail_exposure_proxy_only,
ml-20m,bm25,128,u2i,hnsw,42,coverage,100,-1,__all__,0.45520887956650935,long_tail_exposure_proxy_only,
ml-20m,bm25,128,u2i,hnsw,42,exposure_share_decile,10,0,__all__,0.0,long_tail_exposure_proxy_only,
ml-20m,bm25,128,u2i,hnsw,42,exposure_share_decile,10,1,__all__,0.0,long_tail_exposure_proxy_only,
ml-20m,bm25,128,u2i,hnsw,42,exposure_share_decile,10,2,__all__,1e-05,long_tail_exposure_proxy_only,
ml-20m,bm25,128,u2i,hnsw,42,exposure_share_decile,10,3,__all__,2e-05,long_tail_exposure_proxy_only,
ml-20m,bm25,128,u2i,hnsw,42,exposure_share_decile,10,4,__all__,0.00017,long_tail_exposure_proxy_only,
ml-20m,bm25,128,u2i,hnsw,42,exposure_share_decile,10,5,__all__,0.00057,long_tail_exposure_proxy_only,
ml-20m,bm25,128,u2i,hnsw,42,exposure_share_decile,10,6,__all__,0.00477,long_tail_exposure_proxy_only,
ml-20m,bm25,128,u2i,hnsw,42,exposure_share_decile,10,7,__all__,0.02397,long_tail_exposure_proxy_only,
ml-20m,bm25,128,u2i,hnsw,42,exposure_share_decile,10,8,__all__,0.09187,long_tail_exposure_proxy_only,
ml-20m,bm25,128,u2i,hnsw,42,exposure_share_decile,10,9,__all__,0.87862,long_tail_exposure_proxy_only,
ml-20m,bm25,128,u2i,hnsw,42,exposure_share_group,10,-1,head,0.87877,long_tail_exposure_proxy_only,
ml-20m,bm25,128,u2i,hnsw,42,exposure_share_group,10,-1,mid,0.12122999999999995,long_tail_exposure_proxy_only,
ml-20m,bm25,128,u2i,hnsw,42,exposure_share_group,10,-1,tail,0.0,long_tail_exposure_proxy_only,
ml-20m,bm25,128,u2i,hnsw,42,gini_exposure,10,-1,__all__,0.9662436960321622,long_tail_exposure_proxy_only,
ml-20m,bm25,128,u2i,hnsw,42,gini_exposure,100,-1,__all__,0.9211939791120434,long_tail_exposure_proxy_only,
ml-20m,bm25,128,u2i,hnsw,42,long_tail_exposure,10,-1,__all__,0.0,long_tail_exposure_proxy_only,
ml-20m,bm25,128,u2i,hnsw,42,long_tail_exposure,100,-1,__all__,0.000119,long_tail_exposure_proxy_only,
ml-20m,bm25,128,u2i,hnsw,42,long_tail_uplift,10,-1,__all__,-0.0005954145119388572,long_tail_exposure_proxy_only,
ml-20m,bm25,128,u2i,hnsw,42,user_popularity_calibration_error,10,-1,__all__,0.6227446618631453,popularity_calibration_proxy,mean |log1p(rec pop) - log1p(hist pop)| per user
ml-20m,bm25,128,u2i,ivfflat,42,coverage,10,-1,__all__,0.20381052263590282,long_tail_exposure_proxy_only,
ml-20m,bm25,128,u2i,ivfflat,42,coverage,100,-1,__all__,0.453635728019577,long_tail_exposure_proxy_only,
ml-20m,bm25,128,u2i,ivfflat,42,exposure_share_decile,10,0,__all__,0.0,long_tail_exposure_proxy_only,
ml-20m,bm25,128,u2i,ivfflat,42,exposure_share_decile,10,1,__all__,0.0,long_tail_exposure_proxy_only,
ml-20m,bm25,128,u2i,ivfflat,42,exposure_share_decile,10,2,__all__,1e-05,long_tail_exposure_proxy_only,
ml-20m,bm25,128,u2i,ivfflat,42,exposure_share_decile,10,3,__all__,2e-05,long_tail_exposure_proxy_only,
ml-20m,bm25,128,u2i,ivfflat,42,exposure_share_decile,10,4,__all__,0.00013,long_tail_exposure_proxy_only,
ml-20m,bm25,128,u2i,ivfflat,42,exposure_share_decile,10,5,__all__,0.0006,long_tail_exposure_proxy_only,
ml-20m,bm25,128,u2i,ivfflat,42,exposure_share_decile,10,6,__all__,0.00488,long_tail_exposure_proxy_only,
ml-20m,bm25,128,u2i,ivfflat,42,exposure_share_decile,10,7,__all__,0.02408,long_tail_exposure_proxy_only,
ml-20m,bm25,128,u2i,ivfflat,42,exposure_share_decile,10,8,__all__,0.09201,long_tail_exposure_proxy_only,
ml-20m,bm25,128,u2i,ivfflat,42,exposure_share_decile,10,9,__all__,0.87827,long_tail_exposure_proxy_only,
ml-20m,bm25,128,u2i,ivfflat,42,exposure_share_group,10,-1,head,0.87842,long_tail_exposure_proxy_only,
ml-20m,bm25,128,u2i,ivfflat,42,exposure_share_group,10,-1,mid,0.12158000000000002,long_tail_exposure_proxy_only,
ml-20m,bm25,128,u2i,ivfflat,42,exposure_share_group,10,-1,tail,0.0,long_tail_exposure_proxy_only,
ml-20m,bm25,128,u2i,ivfflat,42,gini_exposure,10,-1,__all__,0.9663773929382975,long_tail_exposure_proxy_only,
ml-20m,bm25,128,u2i,ivfflat,42,gini_exposure,100,-1,__all__,0.9225335194022024,long_tail_exposure_proxy_only,
ml-20m,bm25,128,u2i,ivfflat,42,long_tail_exposure,10,-1,__all__,0.0,long_tail_exposure_proxy_only,
ml-20m,bm25,128,u2i,ivfflat,42,long_tail_exposure,100,-1,__all__,0.000114,long_tail_exposure_proxy_only,
ml-20m,bm25,128,u2i,ivfflat,42,long_tail_uplift,10,-1,__all__,-0.0005954145119388572,long_tail_exposure_proxy_only,
ml-20m,bm25,128,u2i,ivfflat,42,user_popularity_calibration_error,10,-1,__all__,0.6201849490265015,popularity_calibration_proxy,mean |log1p(rec pop) - log1p(hist pop)| per user
ml-20m,bm25,128,u2i,ivfpq,42,coverage,10,-1,__all__,0.17763502884111168,long_tail_exposure_proxy_only,
ml-20m,bm25,128,u2i,ivfpq,42,coverage,100,-1,__all__,0.46294354133892673,long_tail_exposure_proxy_only,
ml-20m,bm25,128,u2i,ivfpq,42,exposure_share_decile,10,0,__all__,2e-05,long_tail_exposure_proxy_only,
ml-20m,bm25,128,u2i,ivfpq,42,exposure_share_decile,10,1,__all__,2e-05,long_tail_exposure_proxy_only,
ml-20m,bm25,128,u2i,ivfpq,42,exposure_share_decile,10,2,__all__,8e-05,long_tail_exposure_proxy_only,
ml-20m,bm25,128,u2i,ivfpq,42,exposure_share_decile,10,3,__all__,0.0001,long_tail_exposure_proxy_only,
ml-20m,bm25,128,u2i,ivfpq,42,exposure_share_decile,10,4,__all__,0.00051,long_tail_exposure_proxy_only,
ml-20m,bm25,128,u2i,ivfpq,42,exposure_share_decile,10,5,__all__,0.00314,long_tail_exposure_proxy_only,
ml-20m,bm25,128,u2i,ivfpq,42,exposure_share_decile,10,6,__all__,0.00767,long_tail_exposure_proxy_only,
ml-20m,bm25,128,u2i,ivfpq,42,exposure_share_decile,10,7,__all__,0.02121,long_tail_exposure_proxy_only,
ml-20m,bm25,128,u2i,ivfpq,42,exposure_share_decile,10,8,__all__,0.06198,long_tail_exposure_proxy_only,
ml-20m,bm25,128,u2i,ivfpq,42,exposure_share_decile,10,9,__all__,0.90527,long_tail_exposure_proxy_only,
ml-20m,bm25,128,u2i,ivfpq,42,exposure_share_group,10,-1,head,0.90538,long_tail_exposure_proxy_only,
ml-20m,bm25,128,u2i,ivfpq,42,exposure_share_group,10,-1,mid,0.09456000000000003,long_tail_exposure_proxy_only,
ml-20m,bm25,128,u2i,ivfpq,42,exposure_share_group,10,-1,tail,6e-05,long_tail_exposure_proxy_only,
ml-20m,bm25,128,u2i,ivfpq,42,gini_exposure,10,-1,__all__,0.9745487808075511,long_tail_exposure_proxy_only,
ml-20m,bm25,128,u2i,ivfpq,42,gini_exposure,100,-1,__all__,0.937231153731865,long_tail_exposure_proxy_only,
ml-20m,bm25,128,u2i,ivfpq,42,long_tail_exposure,10,-1,__all__,8e-05,long_tail_exposure_proxy_only,
ml-20m,bm25,128,u2i,ivfpq,42,long_tail_exposure,100,-1,__all__,0.000402,long_tail_exposure_proxy_only,
ml-20m,bm25,128,u2i,ivfpq,42,long_tail_uplift,10,-1,__all__,-0.0005154145119388573,long_tail_exposure_proxy_only,
ml-20m,bm25,128,u2i,ivfpq,42,user_popularity_calibration_error,10,-1,__all__,0.48732040220259626,popularity_calibration_proxy,mean |log1p(rec pop) - log1p(hist pop)| per user
