dataset,weighting,modality,method,metric,k,decile,group,value,fairness_scope,notes
goodbooks,bm25,i2i,flat,long_tail_exposure,10,,,0.09524,long_tail_exposure_proxy_only,
goodbooks,bm25,i2i,flat,long_tail_exposure,100,,,0.169869,long_tail_exposure_proxy_only,
goodbooks,bm25,i2i,flat,long_tail_uplift,10,,,0.06013061774570977,long_tail_exposure_proxy_only,
goodbooks,bm25,i2i,flat,gini_exposure,10,,,0.571593622,long_tail_exposure_proxy_only,
goodbooks,bm25,i2i,flat,gini_exposure,100,,,0.419174454,long_tail_exposure_proxy_only,
goodbooks,bm25,i2i,flat,coverage,10,,,0.9161,long_tail_exposure_proxy_only,
goodbooks,bm25,i2i,flat,coverage,100,,,0.9999,long_tail_exposure_proxy_only,
goodbooks,bm25,i2i,flat,exposure_share_decile,10,0.0,,0.03798,long_tail_exposure_proxy_only,
goodbooks,bm25,i2i,flat,exposure_share_decile,10,1.0,,0.05406,long_tail_exposure_proxy_only,
goodbooks,bm25,i2i,flat,exposure_share_decile,10,2.0,,0.06483,long_tail_exposure_proxy_only,
goodbooks,bm25,i2i,flat,exposure_share_decile,10,3.0,,0.06908,long_tail_exposure_proxy_only,
goodbooks,bm25,i2i,flat,exposure_share_decile,10,4.0,,0.07225,long_tail_exposure_proxy_only,
goodbooks,bm25,i2i,flat,exposure_share_decile,10,5.0,,0.08127,long_tail_exposure_proxy_only,
goodbooks,bm25,i2i,flat,exposure_share_decile,10,6.0,,0.09104,long_tail_exposure_proxy_only,
goodbooks,bm25,i2i,flat,exposure_share_decile,10,7.0,,0.11363,long_tail_exposure_proxy_only,
goodbooks,bm25,i2i,flat,exposure_share_decile,10,8.0,,0.1531,long_tail_exposure_proxy_only,
goodbooks,bm25,i2i,flat,exposure_share_decile,10,9.0,,0.26276,long_tail_exposure_proxy_only,
goodbooks,bm25,i2i,flat,exposure_share_group,10,,head,0.26276,long_tail_exposure_proxy_only,
goodbooks,bm25,i2i,flat,exposure_share_group,10,,mid,0.6435,long_tail_exposure_proxy_only,
goodbooks,bm25,i2i,flat,exposure_share_group,10,,tail,0.09374,long_tail_exposure_proxy_only,
goodbooks,bm25,i2i,flat,user_popularity_calibration_error,10,,,1.5137541410153936,popularity_calibration_proxy,mean |log1p(rec pop) - log1p(hist pop)| per user
goodbooks,bm25,i2i,flatpq,long_tail_exposure,10,,,0.1028,long_tail_exposure_proxy_only,
goodbooks,bm25,i2i,flatpq,long_tail_exposure,100,,,0.177897,long_tail_exposure_proxy_only,
goodbooks,bm25,i2i,flatpq,long_tail_uplift,10,,,0.06769061774570977,long_tail_exposure_proxy_only,
goodbooks,bm25,i2i,flatpq,gini_exposure,10,,,0.572219842,long_tail_exposure_proxy_only,
goodbooks,bm25,i2i,flatpq,gini_exposure,100,,,0.4192215236,long_tail_exposure_proxy_only,
goodbooks,bm25,i2i,flatpq,coverage,10,,,0.9144,long_tail_exposure_proxy_only,
goodbooks,bm25,i2i,flatpq,coverage,100,,,0.9999,long_tail_exposure_proxy_only,
goodbooks,bm25,i2i,flatpq,exposure_share_decile,10,0.0,,0.04173,long_tail_exposure_proxy_only,
goodbooks,bm25,i2i,flatpq,exposure_share_decile,10,1.0,,0.05763,long_tail_exposure_proxy_only,
goodbooks,bm25,i2i,flatpq,exposure_share_decile,10,2.0,,0.06745,long_tail_exposure_proxy_only,
goodbooks,bm25,i2i,flatpq,exposure_share_decile,10,3.0,,0.07004,long_tail_exposure_proxy_only,
goodbooks,bm25,i2i,flatpq,exposure_share_decile,10,4.0,,0.07308,long_tail_exposure_proxy_only,
goodbooks,bm25,i2i,flatpq,exposure_share_decile,10,5.0,,0.08272,long_tail_exposure_proxy_only,
goodbooks,bm25,i2i,flatpq,exposure_share_decile,10,6.0,,0.09036,long_tail_exposure_proxy_only,
goodbooks,bm25,i2i,flatpq,exposure_share_decile,10,7.0,,0.11222,long_tail_exposure_proxy_only,
goodbooks,bm25,i2i,flatpq,exposure_share_decile,10,8.0,,0.1508,long_tail_exposure_proxy_only,
goodbooks,bm25,i2i,flatpq,exposure_share_decile,10,9.0,,0.25397,long_tail_exposure_proxy_only,
goodbooks,bm25,i2i,flatpq,exposure_share_group,10,,head,0.25397,long_tail_exposure_proxy_only,
goodbooks,bm25,i2i,flatpq,exposure_share_group,10,,mid,0.6449199999999999,long_tail_exposure_proxy_only,
goodbooks,bm25,i2i,flatpq,exposure_share_group,10,,tail,0.10111,long_tail_exposure_proxy_only,
goodbooks,bm25,i2i,flatpq,user_popularity_calibration_error,10,,,1.5372957588672111,popularity_calibration_proxy,mean |log1p(rec pop) - log1p(hist pop)| per user
goodbooks,bm25,i2i,hnsw,long_tail_exposure,10,,,0.09524,long_tail_exposure_proxy_only,
goodbooks,bm25,i2i,hnsw,long_tail_exposure,100,,,0.170795,long_tail_exposure_proxy_only,
goodbooks,bm25,i2i,hnsw,long_tail_uplift,10,,,0.06013061774570977,long_tail_exposure_proxy_only,
goodbooks,bm25,i2i,hnsw,gini_exposure,10,,,0.571593622,long_tail_exposure_proxy_only,
goodbooks,bm25,i2i,hnsw,gini_exposure,100,,,0.4209788042,long_tail_exposure_proxy_only,
goodbooks,bm25,i2i,hnsw,coverage,10,,,0.9161,long_tail_exposure_proxy_only,
goodbooks,bm25,i2i,hnsw,coverage,100,,,0.9998,long_tail_exposure_proxy_only,
goodbooks,bm25,i2i,hnsw,exposure_share_decile,10,0.0,,0.03798,long_tail_exposure_proxy_only,
goodbooks,bm25,i2i,hnsw,exposure_share_decile,10,1.0,,0.05406,long_tail_exposure_proxy_only,
goodbooks,bm25,i2i,hnsw,exposure_share_decile,10,2.0,,0.06483,long_tail_exposure_proxy_only,
goodbooks,bm25,i2i,hnsw,exposure_share_decile,10,3.0,,0.06908,long_tail_exposure_proxy_only,
goodbooks,bm25,i2i,hnsw,exposure_share_decile,10,4.0,,0.07225,long_tail_exposure_proxy_only,
goodbooks,bm25,i2i,hnsw,exposure_share_decile,10,5.0,,0.08127,long_tail_exposure_proxy_only,
goodbooks,bm25,i2i,hnsw,exposure_share_decile,10,6.0,,0.09104,long_tail_exposure_proxy_only,
goodbooks,bm25,i2i,hnsw,exposure_share_decile,10,7.0,,0.11363,long_tail_exposure_proxy_only,
goodbooks,bm25,i2i,hnsw,exposure_share_decile,10,8.0,,0.1531,long_tail_exposure_proxy_only,
goodbooks,bm25,i2i,hnsw,exposure_share_decile,10,9.0,,0.26276,long_tail_exposure_proxy_only,
goodbooks,bm25,i2i,hnsw,exposure_share_group,10,,head,0.26276,long_tail_exposure_proxy_only,
goodbooks,bm25,i2i,hnsw,exposure_share_group,10,,mid,0.6435,long_tail_exposure_proxy_only,
goodbooks,bm25,i2i,hnsw,exposure_share_group,10,,tail,0.09374,long_tail_exposure_proxy_only,
goodbooks,bm25,i2i,hnsw,user_popularity_calibration_error,10,,,1.5137541410153936,popularity_calibration_proxy,mean |log1p(rec pop) - log1p(hist pop)| per user
goodbooks,bm25,i2i,ivfflat,long_tail_exposure,10,,,0.09546,long_tail_exposure_proxy_only,
goodbooks,bm25,i2i,ivfflat,long_tail_exposure,100,,,0.170157,long_tail_exposure_proxy_only,
goodbooks,bm25,i2i,ivfflat,long_tail_uplift,10,,,0.06035061774570977,long_tail_exposure_proxy_only,
goodbooks,bm25,i2i,ivfflat,gini_exposure,10,,,0.571486544,long_tail_exposure_proxy_only,
goodbooks,bm25,i2i,ivfflat,gini_exposure,100,,,0.4205166292,long_tail_exposure_proxy_only,
goodbooks,bm25,i2i,ivfflat,coverage,10,,,0.9158,long_tail_exposure_proxy_only,
goodbooks,bm25,i2i,ivfflat,coverage,100,,,0.9996,long_tail_exposure_proxy_only,
goodbooks,bm25,i2i,ivfflat,exposure_share_decile,10,0.0,,0.03807,long_tail_exposure_proxy_only,
goodbooks,bm25,i2i,ivfflat,exposure_share_decile,10,1.0,,0.05419,long_tail_exposure_proxy_only,
goodbooks,bm25,i2i,ivfflat,exposure_share_decile,10,2.0,,0.06483,long_tail_exposure_proxy_only,
goodbooks,bm25,i2i,ivfflat,exposure_share_decile,10,3.0,,0.06922,long_tail_exposure_proxy_only,
goodbooks,bm25,i2i,ivfflat,exposure_share_decile,10,4.0,,0.07219,long_tail_exposure_proxy_only,
goodbooks,bm25,i2i,ivfflat,exposure_share_decile,10,5.0,,0.08127,long_tail_exposure_proxy_only,
goodbooks,bm25,i2i,ivfflat,exposure_share_decile,10,6.0,,0.09096,long_tail_exposure_proxy_only,
goodbooks,bm25,i2i,ivfflat,exposure_share_decile,10,7.0,,0.11387,long_tail_exposure_proxy_only,
goodbooks,bm25,i2i,ivfflat,exposure_share_decile,10,8.0,,0.15332,long_tail_exposure_proxy_only,
goodbooks,bm25,i2i,ivfflat,exposure_share_decile,10,9.0,,0.26208,long_tail_exposure_proxy_only,
goodbooks,bm25,i2i,ivfflat,exposure_share_group,10,,head,0.26208,long_tail_exposure_proxy_only,
goodbooks,bm25,i2i,ivfflat,exposure_share_group,10,,mid,0.64396,long_tail_exposure_proxy_only,
goodbooks,bm25,i2i,ivfflat,exposure_share_group,10,,tail,0.09396,long_tail_exposure_proxy_only,
goodbooks,bm25,i2i,ivfflat,user_popularity_calibration_error,10,,,1.5147357326640947,popularity_calibration_proxy,mean |log1p(rec pop) - log1p(hist pop)| per user
goodbooks,bm25,i2i,ivfpq,long_tail_exposure,10,,,0.10111,long_tail_exposure_proxy_only,
goodbooks,bm25,i2i,ivfpq,long_tail_exposure,100,,,0.17712,long_tail_exposure_proxy_only,
goodbooks,bm25,i2i,ivfpq,long_tail_uplift,10,,,0.06600061774570977,long_tail_exposure_proxy_only,
goodbooks,bm25,i2i,ivfpq,gini_exposure,10,,,0.571748666,long_tail_exposure_proxy_only,
goodbooks,bm25,i2i,ivfpq,gini_exposure,100,,,0.4159729448,long_tail_exposure_proxy_only,
goodbooks,bm25,i2i,ivfpq,coverage,10,,,0.9141,long_tail_exposure_proxy_only,
goodbooks,bm25,i2i,ivfpq,coverage,100,,,0.9998,long_tail_exposure_proxy_only,
goodbooks,bm25,i2i,ivfpq,exposure_share_decile,10,0.0,,0.03997,long_tail_exposure_proxy_only,
goodbooks,bm25,i2i,ivfpq,exposure_share_decile,10,1.0,,0.05769,long_tail_exposure_proxy_only,
goodbooks,bm25,i2i,ivfpq,exposure_share_decile,10,2.0,,0.06597,long_tail_exposure_proxy_only,
goodbooks,bm25,i2i,ivfpq,exposure_share_decile,10,3.0,,0.07131,long_tail_exposure_proxy_only,
goodbooks,bm25,i2i,ivfpq,exposure_share_decile,10,4.0,,0.07101,long_tail_exposure_proxy_only,
goodbooks,bm25,i2i,ivfpq,exposure_share_decile,10,5.0,,0.08254,long_tail_exposure_proxy_only,
goodbooks,bm25,i2i,ivfpq,exposure_share_decile,10,6.0,,0.09068,long_tail_exposure_proxy_only,
goodbooks,bm25,i2i,ivfpq,exposure_share_decile,10,7.0,,0.11247,long_tail_exposure_proxy_only,
goodbooks,bm25,i2i,ivfpq,exposure_share_decile,10,8.0,,0.15283,long_tail_exposure_proxy_only,
goodbooks,bm25,i2i,ivfpq,exposure_share_decile,10,9.0,,0.25553,long_tail_exposure_proxy_only,
goodbooks,bm25,i2i,ivfpq,exposure_share_group,10,,head,0.25553,long_tail_exposure_proxy_only,
goodbooks,bm25,i2i,ivfpq,exposure_share_group,10,,mid,0.645,long_tail_exposure_proxy_only,
goodbooks,bm25,i2i,ivfpq,exposure_share_group,10,,tail,0.09947,long_tail_exposure_proxy_only,
goodbooks,bm25,i2i,ivfpq,user_popularity_calibration_error,10,,,1.5274874852250881,popularity_calibration_proxy,mean |log1p(rec pop) - log1p(hist pop)| per user
goodbooks,bm25,u2i,flat,long_tail_exposure,10,,,0.05748,long_tail_exposure_proxy_only,
goodbooks,bm25,u2i,flat,long_tail_exposure,100,,,0.102339,long_tail_exposure_proxy_only,
goodbooks,bm25,u2i,flat,long_tail_uplift,10,,,0.022370617745709767,long_tail_exposure_proxy_only,
goodbooks,bm25,u2i,flat,gini_exposure,10,,,0.831127806,long_tail_exposure_proxy_only,
goodbooks,bm25,u2i,flat,gini_exposure,100,,,0.6623502888,long_tail_exposure_proxy_only,
goodbooks,bm25,u2i,flat,coverage,10,,,0.6767,long_tail_exposure_proxy_only,
goodbooks,bm25,u2i,flat,coverage,100,,,0.9803,long_tail_exposure_proxy_only,
goodbooks,bm25,u2i,flat,exposure_share_decile,10,0.0,,0.02243,long_tail_exposure_proxy_only,
goodbooks,bm25,u2i,flat,exposure_share_decile,10,1.0,,0.03244,long_tail_exposure_proxy_only,
goodbooks,bm25,u2i,flat,exposure_share_decile,10,2.0,,0.0387,long_tail_exposure_proxy_only,
goodbooks,bm25,u2i,flat,exposure_share_decile,10,3.0,,0.04317,long_tail_exposure_proxy_only,
goodbooks,bm25,u2i,flat,exposure_share_decile,10,4.0,,0.04624,long_tail_exposure_proxy_only,
goodbooks,bm25,u2i,flat,exposure_share_decile,10,5.0,,0.04766,long_tail_exposure_proxy_only,
goodbooks,bm25,u2i,flat,exposure_share_decile,10,6.0,,0.05561,long_tail_exposure_proxy_only,
goodbooks,bm25,u2i,flat,exposure_share_decile,10,7.0,,0.06906,long_tail_exposure_proxy_only,
goodbooks,bm25,u2i,flat,exposure_share_decile,10,8.0,,0.10155,long_tail_exposure_proxy_only,
goodbooks,bm25,u2i,flat,exposure_share_decile,10,9.0,,0.54314,long_tail_exposure_proxy_only,
goodbooks,bm25,u2i,flat,exposure_share_group,10,,head,0.54314,long_tail_exposure_proxy_only,
goodbooks,bm25,u2i,flat,exposure_share_group,10,,mid,0.40132000000000007,long_tail_exposure_proxy_only,
goodbooks,bm25,u2i,flat,exposure_share_group,10,,tail,0.05554,long_tail_exposure_proxy_only,
goodbooks,bm25,u2i,flat,user_popularity_calibration_error,10,,,0.8220411730529593,popularity_calibration_proxy,mean |log1p(rec pop) - log1p(hist pop)| per user
goodbooks,bm25,u2i,flatpq,long_tail_exposure,10,,,0.07085,long_tail_exposure_proxy_only,
goodbooks,bm25,u2i,flatpq,long_tail_exposure,100,,,0.119845,long_tail_exposure_proxy_only,
goodbooks,bm25,u2i,flatpq,long_tail_uplift,10,,,0.03574061774570976,long_tail_exposure_proxy_only,
goodbooks,bm25,u2i,flatpq,gini_exposure,10,,,0.881761522,long_tail_exposure_proxy_only,
goodbooks,bm25,u2i,flatpq,gini_exposure,100,,,0.7102607902,long_tail_exposure_proxy_only,
goodbooks,bm25,u2i,flatpq,coverage,10,,,0.5743,long_tail_exposure_proxy_only,
goodbooks,bm25,u2i,flatpq,coverage,100,,,0.9712,long_tail_exposure_proxy_only,
goodbooks,bm25,u2i,flatpq,exposure_share_decile,10,0.0,,0.03042,long_tail_exposure_proxy_only,
goodbooks,bm25,u2i,flatpq,exposure_share_decile,10,1.0,,0.03708,long_tail_exposure_proxy_only,
goodbooks,bm25,u2i,flatpq,exposure_share_decile,10,2.0,,0.04807,long_tail_exposure_proxy_only,
goodbooks,bm25,u2i,flatpq,exposure_share_decile,10,3.0,,0.05237,long_tail_exposure_proxy_only,
goodbooks,bm25,u2i,flatpq,exposure_share_decile,10,4.0,,0.0474,long_tail_exposure_proxy_only,
goodbooks,bm25,u2i,flatpq,exposure_share_decile,10,5.0,,0.04114,long_tail_exposure_proxy_only,
goodbooks,bm25,u2i,flatpq,exposure_share_decile,10,6.0,,0.05236,long_tail_exposure_proxy_only,
goodbooks,bm25,u2i,flatpq,exposure_share_decile,10,7.0,,0.06708,long_tail_exposure_proxy_only,
goodbooks,bm25,u2i,flatpq,exposure_share_decile,10,8.0,,0.08948,long_tail_exposure_proxy_only,
goodbooks,bm25,u2i,flatpq,exposure_share_decile,10,9.0,,0.5346,long_tail_exposure_proxy_only,
goodbooks,bm25,u2i,flatpq,exposure_share_group,10,,head,0.5346,long_tail_exposure_proxy_only,
goodbooks,bm25,u2i,flatpq,exposure_share_group,10,,mid,0.39683,long_tail_exposure_proxy_only,
goodbooks,bm25,u2i,flatpq,exposure_share_group,10,,tail,0.06857,long_tail_exposure_proxy_only,
goodbooks,bm25,u2i,flatpq,user_popularity_calibration_error,10,,,0.8353021957389075,popularity_calibration_proxy,mean |log1p(rec pop) - log1p(hist pop)| per user
goodbooks,bm25,u2i,hnsw,long_tail_exposure,10,,,0.05723,long_tail_exposure_proxy_only,
goodbooks,bm25,u2i,hnsw,long_tail_exposure,100,,,0.104056,long_tail_exposure_proxy_only,
goodbooks,bm25,u2i,hnsw,long_tail_uplift,10,,,0.022120617745709767,long_tail_exposure_proxy_only,
goodbooks,bm25,u2i,hnsw,gini_exposure,10,,,0.831348602,long_tail_exposure_proxy_only,
goodbooks,bm25,u2i,hnsw,gini_exposure,100,,,0.6645721474,long_tail_exposure_proxy_only,
goodbooks,bm25,u2i,hnsw,coverage,10,,,0.6775,long_tail_exposure_proxy_only,
goodbooks,bm25,u2i,hnsw,coverage,100,,,0.977,long_tail_exposure_proxy_only,
goodbooks,bm25,u2i,hnsw,exposure_share_decile,10,0.0,,0.02233,long_tail_exposure_proxy_only,
goodbooks,bm25,u2i,hnsw,exposure_share_decile,10,1.0,,0.03227,long_tail_exposure_proxy_only,
goodbooks,bm25,u2i,hnsw,exposure_share_decile,10,2.0,,0.03861,long_tail_exposure_proxy_only,
goodbooks,bm25,u2i,hnsw,exposure_share_decile,10,3.0,,0.04316,long_tail_exposure_proxy_only,
goodbooks,bm25,u2i,hnsw,exposure_share_decile,10,4.0,,0.04615,long_tail_exposure_proxy_only,
goodbooks,bm25,u2i,hnsw,exposure_share_decile,10,5.0,,0.04766,long_tail_exposure_proxy_only,
goodbooks,bm25,u2i,hnsw,exposure_share_decile,10,6.0,,0.05539,long_tail_exposure_proxy_only,
goodbooks,bm25,u2i,hnsw,exposure_share_decile,10,7.0,,0.06902,long_tail_exposure_proxy_only,
goodbooks,bm25,u2i,hnsw,exposure_share_decile,10,8.0,,0.10147,long_tail_exposure_proxy_only,
goodbooks,bm25,u2i,hnsw,exposure_share_decile,10,9.0,,0.54394,long_tail_exposure_proxy_only,
goodbooks,bm25,u2i,hnsw,exposure_share_group,10,,head,0.54394,long_tail_exposure_proxy_only,
goodbooks,bm25,u2i,hnsw,exposure_share_group,10,,mid,0.40079000000000004,long_tail_exposure_proxy_only,
goodbooks,bm25,u2i,hnsw,exposure_share_group,10,,tail,0.05527,long_tail_exposure_proxy_only,
goodbooks,bm25,u2i,hnsw,user_popularity_calibration_error,10,,,0.8229082903784265,popularity_calibration_proxy,mean |log1p(rec pop) - log1p(hist pop)| per user
goodbooks,bm25,u2i,ivfflat,long_tail_exposure,10,,,0.05919,long_tail_exposure_proxy_only,
goodbooks,bm25,u2i,ivfflat,long_tail_exposure,100,,,0.114524,long_tail_exposure_proxy_only,
goodbooks,bm25,u2i,ivfflat,long_tail_uplift,10,,,0.024080617745709763,long_tail_exposure_proxy_only,
goodbooks,bm25,u2i,ivfflat,gini_exposure,10,,,0.8229058939999999,long_tail_exposure_proxy_only,
goodbooks,bm25,u2i,ivfflat,gini_exposure,100,,,0.6444488666,long_tail_exposure_proxy_only,
goodbooks,bm25,u2i,ivfflat,coverage,10,,,0.6881,long_tail_exposure_proxy_only,
goodbooks,bm25,u2i,ivfflat,coverage,100,,,0.9807,long_tail_exposure_proxy_only,
goodbooks,bm25,u2i,ivfflat,exposure_share_decile,10,0.0,,0.02339,long_tail_exposure_proxy_only,
goodbooks,bm25,u2i,ivfflat,exposure_share_decile,10,1.0,,0.03345,long_tail_exposure_proxy_only,
goodbooks,bm25,u2i,ivfflat,exposure_share_decile,10,2.0,,0.0403,long_tail_exposure_proxy_only,
goodbooks,bm25,u2i,ivfflat,exposure_share_decile,10,3.0,,0.04635,long_tail_exposure_proxy_only,
goodbooks,bm25,u2i,ivfflat,exposure_share_decile,10,4.0,,0.04738,long_tail_exposure_proxy_only,
goodbooks,bm25,u2i,ivfflat,exposure_share_decile,10,5.0,,0.04934,long_tail_exposure_proxy_only,
goodbooks,bm25,u2i,ivfflat,exposure_share_decile,10,6.0,,0.0596,long_tail_exposure_proxy_only,
goodbooks,bm25,u2i,ivfflat,exposure_share_decile,10,7.0,,0.07518,long_tail_exposure_proxy_only,
goodbooks,bm25,u2i,ivfflat,exposure_share_decile,10,8.0,,0.10919,long_tail_exposure_proxy_only,
goodbooks,bm25,u2i,ivfflat,exposure_share_decile,10,9.0,,0.51582,long_tail_exposure_proxy_only,
goodbooks,bm25,u2i,ivfflat,exposure_share_group,10,,head,0.51582,long_tail_exposure_proxy_only,
goodbooks,bm25,u2i,ivfflat,exposure_share_group,10,,mid,0.42676000000000003,long_tail_exposure_proxy_only,
goodbooks,bm25,u2i,ivfflat,exposure_share_group,10,,tail,0.05742,long_tail_exposure_proxy_only,
goodbooks,bm25,u2i,ivfflat,user_popularity_calibration_error,10,,,0.7997302059988302,popularity_calibration_proxy,mean |log1p(rec pop) - log1p(hist pop)| per user
goodbooks,bm25,u2i,ivfpq,long_tail_exposure,10,,,0.08612,long_tail_exposure_proxy_only,
goodbooks,bm25,u2i,ivfpq,long_tail_exposure,100,,,0.130172,long_tail_exposure_proxy_only,
goodbooks,bm25,u2i,ivfpq,long_tail_uplift,10,,,0.051010617745709766,long_tail_exposure_proxy_only,
goodbooks,bm25,u2i,ivfpq,gini_exposure,10,,,0.849255468,long_tail_exposure_proxy_only,
goodbooks,bm25,u2i,ivfpq,gini_exposure,100,,,0.691923099,long_tail_exposure_proxy_only,
goodbooks,bm25,u2i,ivfpq,coverage,10,,,0.6353,long_tail_exposure_proxy_only,
goodbooks,bm25,u2i,ivfpq,coverage,100,,,0.9759,long_tail_exposure_proxy_only,
goodbooks,bm25,u2i,ivfpq,exposure_share_decile,10,0.0,,0.03626,long_tail_exposure_proxy_only,
goodbooks,bm25,u2i,ivfpq,exposure_share_decile,10,1.0,,0.04625,long_tail_exposure_proxy_only,
goodbooks,bm25,u2i,ivfpq,exposure_share_decile,10,2.0,,0.05378,long_tail_exposure_proxy_only,
goodbooks,bm25,u2i,ivfpq,exposure_share_decile,10,3.0,,0.04981,long_tail_exposure_proxy_only,
goodbooks,bm25,u2i,ivfpq,exposure_share_decile,10,4.0,,0.04578,long_tail_exposure_proxy_only,
goodbooks,bm25,u2i,ivfpq,exposure_share_decile,10,5.0,,0.05194,long_tail_exposure_proxy_only,
goodbooks,bm25,u2i,ivfpq,exposure_share_decile,10,6.0,,0.0569,long_tail_exposure_proxy_only,
goodbooks,bm25,u2i,ivfpq,exposure_share_decile,10,7.0,,0.07521,long_tail_exposure_proxy_only,
goodbooks,bm25,u2i,ivfpq,exposure_share_decile,10,8.0,,0.09183,long_tail_exposure_proxy_only,
goodbooks,bm25,u2i,ivfpq,exposure_share_decile,10,9.0,,0.49224,long_tail_exposure_proxy_only,
goodbooks,bm25,u2i,ivfpq,exposure_share_group,10,,head,0.49224,long_tail_exposure_proxy_only,
goodbooks,bm25,u2i,ivfpq,exposure_share_group,10,,mid,0.42379,long_tail_exposure_proxy_only,
goodbooks,bm25,u2i,ivfpq,exposure_share_group,10,,tail,0.08397,long_tail_exposure_proxy_only,
goodbooks,bm25,u2i,ivfpq,user_popularity_calibration_error,10,,,0.8180960058330827,popularity_calibration_proxy,mean |log1p(rec pop) - log1p(hist pop)| per user
ml-1m,bm25,i2i,flat,long_tail_exposure,10,,,0.0167135994699354,long_tail_exposure_proxy_only,
ml-1m,bm25,i2i,flat,long_tail_exposure,100,,,0.038416432002650325,long_tail_exposure_proxy_only,
ml-1m,bm25,i2i,flat,long_tail_uplift,10,,,0.01121156519289427,long_tail_exposure_proxy_only,
ml-1m,bm25,i2i,flat,gini_exposure,10,,,0.6776327094343819,long_tail_exposure_proxy_only,
ml-1m,bm25,i2i,flat,gini_exposure,100,,,0.527466958754817,long_tail_exposure_proxy_only,
ml-1m,bm25,i2i,flat,coverage,10,,,0.7970563260684971,long_tail_exposure_proxy_only,
ml-1m,bm25,i2i,flat,coverage,100,,,0.9949051797339372,long_tail_exposure_proxy_only,
ml-1m,bm25,i2i,flat,exposure_share_decile,10,0.0,,0.006774888189498095,long_tail_exposure_proxy_only,
ml-1m,bm25,i2i,flat,exposure_share_decile,10,1.0,,0.007835017392744741,long_tail_exposure_proxy_only,
ml-1m,bm25,i2i,flat,exposure_share_decile,10,2.0,,0.021616697034951133,long_tail_exposure_proxy_only,
ml-1m,bm25,i2i,flat,exposure_share_decile,10,3.0,,0.03259897299983436,long_tail_exposure_proxy_only,
ml-1m,bm25,i2i,flat,exposure_share_decile,10,4.0,,0.04459168461156204,long_tail_exposure_proxy_only,
ml-1m,bm25,i2i,flat,exposure_share_decile,10,5.0,,0.07361272155043896,long_tail_exposure_proxy_only,
ml-1m,bm25,i2i,flat,exposure_share_decile,10,6.0,,0.09725028987907901,long_tail_exposure_proxy_only,
ml-1m,bm25,i2i,flat,exposure_share_decile,10,7.0,,0.1268842140135829,long_tail_exposure_proxy_only,
ml-1m,bm25,i2i,flat,exposure_share_decile,10,8.0,,0.17535199602451548,long_tail_exposure_proxy_only,
ml-1m,bm25,i2i,flat,exposure_share_decile,10,9.0,,0.41348351830379326,long_tail_exposure_proxy_only,
ml-1m,bm25,i2i,flat,exposure_share_group,10,,head,0.41348351830379326,long_tail_exposure_proxy_only,
ml-1m,bm25,i2i,flat,exposure_share_group,10,,mid,0.5706642372039092,long_tail_exposure_proxy_only,
ml-1m,bm25,i2i,flat,exposure_share_group,10,,tail,0.0158522444922975,long_tail_exposure_proxy_only,
ml-1m,bm25,i2i,flat,user_popularity_calibration_error,10,,,0.9119637245461905,popularity_calibration_proxy,mean |log1p(rec pop) - log1p(hist pop)| per user
ml-1m,bm25,i2i,flatpq,long_tail_exposure,10,,,0.01979459996687096,long_tail_exposure_proxy_only,
ml-1m,bm25,i2i,flatpq,long_tail_exposure,100,,,0.046976975318866986,long_tail_exposure_proxy_only,
ml-1m,bm25,i2i,flatpq,long_tail_uplift,10,,,0.014292565689829832,long_tail_exposure_proxy_only,
ml-1m,bm25,i2i,flatpq,gini_exposure,10,,,0.6789588273952291,long_tail_exposure_proxy_only,
ml-1m,bm25,i2i,flatpq,gini_exposure,100,,,0.5219758784410936,long_tail_exposure_proxy_only,
ml-1m,bm25,i2i,flatpq,coverage,10,,,0.8063968298896123,long_tail_exposure_proxy_only,
ml-1m,bm25,i2i,flatpq,coverage,100,,,0.9940560430229267,long_tail_exposure_proxy_only,
ml-1m,bm25,i2i,flatpq,exposure_share_decile,10,0.0,,0.008365081994368063,long_tail_exposure_proxy_only,
ml-1m,bm25,i2i,flatpq,exposure_share_decile,10,1.0,,0.008911711114792116,long_tail_exposure_proxy_only,
ml-1m,bm25,i2i,flatpq,exposure_share_decile,10,2.0,,0.02612224614874938,long_tail_exposure_proxy_only,
ml-1m,bm25,i2i,flatpq,exposure_share_decile,10,3.0,,0.03478548948153056,long_tail_exposure_proxy_only,
ml-1m,bm25,i2i,flatpq,exposure_share_decile,10,4.0,,0.04447573297995693,long_tail_exposure_proxy_only,
ml-1m,bm25,i2i,flatpq,exposure_share_decile,10,5.0,,0.0709955275799238,long_tail_exposure_proxy_only,
ml-1m,bm25,i2i,flatpq,exposure_share_decile,10,6.0,,0.0966705317210535,long_tail_exposure_proxy_only,
ml-1m,bm25,i2i,flatpq,exposure_share_decile,10,7.0,,0.12632102037435813,long_tail_exposure_proxy_only,
ml-1m,bm25,i2i,flatpq,exposure_share_decile,10,8.0,,0.17306609243001492,long_tail_exposure_proxy_only,
ml-1m,bm25,i2i,flatpq,exposure_share_decile,10,9.0,,0.4102865661752526,long_tail_exposure_proxy_only,
ml-1m,bm25,i2i,flatpq,exposure_share_group,10,,head,0.4102865661752526,long_tail_exposure_proxy_only,
ml-1m,bm25,i2i,flatpq,exposure_share_group,10,,mid,0.571227430843134,long_tail_exposure_proxy_only,
ml-1m,bm25,i2i,flatpq,exposure_share_group,10,,tail,0.018486002981613386,long_tail_exposure_proxy_only,
ml-1m,bm25,i2i,flatpq,user_popularity_calibration_error,10,,,0.9184698148998367,popularity_calibration_proxy,mean |log1p(rec pop) - log1p(hist pop)| per user
ml-1m,bm25,i2i,hnsw,long_tail_exposure,10,,,0.0167135994699354,long_tail_exposure_proxy_only,
ml-1m,bm25,i2i,hnsw,long_tail_exposure,100,,,0.03868809011098227,long_tail_exposure_proxy_only,
ml-1m,bm25,i2i,hnsw,long_tail_uplift,10,,,0.01121156519289427,long_tail_exposure_proxy_only,
ml-1m,bm25,i2i,hnsw,gini_exposure,10,,,0.6776327094343819,long_tail_exposure_proxy_only,
ml-1m,bm25,i2i,hnsw,gini_exposure,100,,,0.5270838265454361,long_tail_exposure_proxy_only,
ml-1m,bm25,i2i,hnsw,coverage,10,,,0.7970563260684971,long_tail_exposure_proxy_only,
ml-1m,bm25,i2i,hnsw,coverage,100,,,0.9946221341636003,long_tail_exposure_proxy_only,
ml-1m,bm25,i2i,hnsw,exposure_share_decile,10,0.0,,0.006774888189498095,long_tail_exposure_proxy_only,
ml-1m,bm25,i2i,hnsw,exposure_share_decile,10,1.0,,0.007835017392744741,long_tail_exposure_proxy_only,
ml-1m,bm25,i2i,hnsw,exposure_share_decile,10,2.0,,0.021616697034951133,long_tail_exposure_proxy_only,
ml-1m,bm25,i2i,hnsw,exposure_share_decile,10,3.0,,0.03259897299983436,long_tail_exposure_proxy_only,
ml-1m,bm25,i2i,hnsw,exposure_share_decile,10,4.0,,0.04459168461156204,long_tail_exposure_proxy_only,
ml-1m,bm25,i2i,hnsw,exposure_share_decile,10,5.0,,0.07361272155043896,long_tail_exposure_proxy_only,
ml-1m,bm25,i2i,hnsw,exposure_share_decile,10,6.0,,0.09725028987907901,long_tail_exposure_proxy_only,
ml-1m,bm25,i2i,hnsw,exposure_share_decile,10,7.0,,0.1268842140135829,long_tail_exposure_proxy_only,
ml-1m,bm25,i2i,hnsw,exposure_share_decile,10,8.0,,0.17535199602451548,long_tail_exposure_proxy_only,
ml-1m,bm25,i2i,hnsw,exposure_share_decile,10,9.0,,0.41348351830379326,long_tail_exposure_proxy_only,
ml-1m,bm25,i2i,hnsw,exposure_share_group,10,,head,0.41348351830379326,long_tail_exposure_proxy_only,
ml-1m,bm25,i2i,hnsw,exposure_share_group,10,,mid,0.5706642372039092,long_tail_exposure_proxy_only,
ml-1m,bm25,i2i,hnsw,exposure_share_group,10,,tail,0.0158522444922975,long_tail_exposure_proxy_only,
ml-1m,bm25,i2i,hnsw,user_popularity_calibration_error,10,,,0.9119637245461905,popularity_calibration_proxy,mean |log1p(rec pop) - log1p(hist pop)| per user
ml-1m,bm25,i2i,ivfflat,long_tail_exposure,10,,,0.016647341394732482,long_tail_exposure_proxy_only,
ml-1m,bm25,i2i,ivfflat,long_tail_exposure,100,,,0.038181215835679974,long_tail_exposure_proxy_only,
ml-1m,bm25,i2i,ivfflat,long_tail_uplift,10,,,0.011145307117691353,long_tail_exposure_proxy_only,
ml-1m,bm25,i2i,ivfflat,gini_exposure,10,,,0.6779699542227592,long_tail_exposure_proxy_only,
ml-1m,bm25,i2i,ivfflat,gini_exposure,100,,,0.5297670554179034,long_tail_exposure_proxy_only,
ml-1m,bm25,i2i,ivfflat,coverage,10,,,0.7967732804981602,long_tail_exposure_proxy_only,
ml-1m,bm25,i2i,ivfflat,coverage,100,,,0.9937729974525898,long_tail_exposure_proxy_only,
ml-1m,bm25,i2i,ivfflat,exposure_share_decile,10,0.0,,0.006774888189498095,long_tail_exposure_proxy_only,
ml-1m,bm25,i2i,ivfflat,exposure_share_decile,10,1.0,,0.007752194798741096,long_tail_exposure_proxy_only,
ml-1m,bm25,i2i,ivfflat,exposure_share_decile,10,2.0,,0.02143448732814312,long_tail_exposure_proxy_only,
ml-1m,bm25,i2i,ivfflat,exposure_share_decile,10,3.0,,0.0324498923306278,long_tail_exposure_proxy_only,
ml-1m,bm25,i2i,ivfflat,exposure_share_decile,10,4.0,,0.04459168461156204,long_tail_exposure_proxy_only,
ml-1m,bm25,i2i,ivfflat,exposure_share_decile,10,5.0,,0.07382806029484844,long_tail_exposure_proxy_only,
ml-1m,bm25,i2i,ivfflat,exposure_share_decile,10,6.0,,0.0971840318038761,long_tail_exposure_proxy_only,
ml-1m,bm25,i2i,ivfflat,exposure_share_decile,10,7.0,,0.12695047208878582,long_tail_exposure_proxy_only,
ml-1m,bm25,i2i,ivfflat,exposure_share_decile,10,8.0,,0.1754845121749213,long_tail_exposure_proxy_only,
ml-1m,bm25,i2i,ivfflat,exposure_share_decile,10,9.0,,0.4135497763789962,long_tail_exposure_proxy_only,
ml-1m,bm25,i2i,ivfflat,exposure_share_group,10,,head,0.4135497763789962,long_tail_exposure_proxy_only,
ml-1m,bm25,i2i,ivfflat,exposure_share_group,10,,mid,0.57068080172271,long_tail_exposure_proxy_only,
ml-1m,bm25,i2i,ivfflat,exposure_share_group,10,,tail,0.015769421898293855,long_tail_exposure_proxy_only,
ml-1m,bm25,i2i,ivfflat,user_popularity_calibration_error,10,,,0.9111580295313585,popularity_calibration_proxy,mean |log1p(rec pop) - log1p(hist pop)| per user
ml-1m,bm25,i2i,ivfpq,long_tail_exposure,10,,,0.02057313235050522,long_tail_exposure_proxy_only,
ml-1m,bm25,i2i,ivfpq,long_tail_exposure,100,,,0.04768593672353818,long_tail_exposure_proxy_only,
ml-1m,bm25,i2i,ivfpq,long_tail_uplift,10,,,0.01507109807346409,long_tail_exposure_proxy_only,
ml-1m,bm25,i2i,ivfpq,gini_exposure,10,,,0.6710220176821667,long_tail_exposure_proxy_only,
ml-1m,bm25,i2i,ivfpq,gini_exposure,100,,,0.5122236677951763,long_tail_exposure_proxy_only,
ml-1m,bm25,i2i,ivfpq,coverage,10,,,0.8154542881403906,long_tail_exposure_proxy_only,
ml-1m,bm25,i2i,ivfpq,coverage,100,,,0.9985847721483159,long_tail_exposure_proxy_only,
ml-1m,bm25,i2i,ivfpq,exposure_share_decile,10,0.0,,0.008166307768759318,long_tail_exposure_proxy_only,
ml-1m,bm25,i2i,ivfpq,exposure_share_decile,10,1.0,,0.00969024349842637,long_tail_exposure_proxy_only,
ml-1m,bm25,i2i,ivfpq,exposure_share_decile,10,2.0,,0.023455358621832036,long_tail_exposure_proxy_only,
ml-1m,bm25,i2i,ivfpq,exposure_share_decile,10,3.0,,0.03309590856385622,long_tail_exposure_proxy_only,
ml-1m,bm25,i2i,ivfpq,exposure_share_decile,10,4.0,,0.04480702335597151,long_tail_exposure_proxy_only,
ml-1m,bm25,i2i,ivfpq,exposure_share_decile,10,5.0,,0.0719065761139639,long_tail_exposure_proxy_only,
ml-1m,bm25,i2i,ivfpq,exposure_share_decile,10,6.0,,0.09508033791618353,long_tail_exposure_proxy_only,
ml-1m,bm25,i2i,ivfpq,exposure_share_decile,10,7.0,,0.129749875766109,long_tail_exposure_proxy_only,
ml-1m,bm25,i2i,ivfpq,exposure_share_decile,10,8.0,,0.17246976975318867,long_tail_exposure_proxy_only,
ml-1m,bm25,i2i,ivfpq,exposure_share_decile,10,9.0,,0.4115785986417095,long_tail_exposure_proxy_only,
ml-1m,bm25,i2i,ivfpq,exposure_share_group,10,,head,0.4115785986417095,long_tail_exposure_proxy_only,
ml-1m,bm25,i2i,ivfpq,exposure_share_group,10,,mid,0.5690906079178399,long_tail_exposure_proxy_only,
ml-1m,bm25,i2i,ivfpq,exposure_share_group,10,,tail,0.019330793440450553,long_tail_exposure_proxy_only,
ml-1m,bm25,i2i,ivfpq,user_popularity_calibration_error,10,,,0.9215943541592446,popularity_calibration_proxy,mean |log1p(rec pop) - log1p(hist pop)| per user
ml-1m,bm25,u2i,flat,long_tail_exposure,10,,,0.0007454033460327977,long_tail_exposure_proxy_only,
ml-1m,bm25,u2i,flat,long_tail_exposure,100,,,0.0018660055549295027,long_tail_exposure_proxy_only,
ml-1m,bm25,u2i,flat,long_tail_uplift,10,,,-0.004756630931008331,long_tail_exposure_proxy_only,
ml-1m,bm25,u2i,flat,gini_exposure,10,,,0.9462136806046645,long_tail_exposure_proxy_only,
ml-1m,bm25,u2i,flat,gini_exposure,100,,,0.8637863217040936,long_tail_exposure_proxy_only,
ml-1m,bm25,u2i,flat,coverage,10,,,0.40928389470704785,long_tail_exposure_proxy_only,
ml-1m,bm25,u2i,flat,coverage,100,,,0.8049816020379281,long_tail_exposure_proxy_only,
ml-1m,bm25,u2i,flat,exposure_share_decile,10,0.0,,0.00026503230081166145,long_tail_exposure_proxy_only,
ml-1m,bm25,u2i,flat,exposure_share_decile,10,1.0,,0.0003478548948153056,long_tail_exposure_proxy_only,
ml-1m,bm25,u2i,flat,exposure_share_decile,10,2.0,,0.0007454033460327977,long_tail_exposure_proxy_only,
ml-1m,bm25,u2i,flat,exposure_share_decile,10,3.0,,0.0019049196620838165,long_tail_exposure_proxy_only,
ml-1m,bm25,u2i,flat,exposure_share_decile,10,4.0,,0.003842968361769091,long_tail_exposure_proxy_only,
ml-1m,bm25,u2i,flat,exposure_share_decile,10,5.0,,0.008100049693556401,long_tail_exposure_proxy_only,
ml-1m,bm25,u2i,flat,exposure_share_decile,10,6.0,,0.013765115123405666,long_tail_exposure_proxy_only,
ml-1m,bm25,u2i,flat,exposure_share_decile,10,7.0,,0.022030810004969356,long_tail_exposure_proxy_only,
ml-1m,bm25,u2i,flat,exposure_share_decile,10,8.0,,0.051714427695875434,long_tail_exposure_proxy_only,
ml-1m,bm25,u2i,flat,exposure_share_decile,10,9.0,,0.8972834189166805,long_tail_exposure_proxy_only,
ml-1m,bm25,u2i,flat,exposure_share_group,10,,head,0.8972834189166805,long_tail_exposure_proxy_only,
ml-1m,bm25,u2i,flat,exposure_share_group,10,,mid,0.10198774225608742,long_tail_exposure_proxy_only,
ml-1m,bm25,u2i,flat,exposure_share_group,10,,tail,0.0007288388272320689,long_tail_exposure_proxy_only,
ml-1m,bm25,u2i,flat,user_popularity_calibration_error,10,,,0.6240141632300534,popularity_calibration_proxy,mean |log1p(rec pop) - log1p(hist pop)| per user
ml-1m,bm25,u2i,flatpq,long_tail_exposure,10,,,0.0011595163160510187,long_tail_exposure_proxy_only,
ml-1m,bm25,u2i,flatpq,long_tail_exposure,100,,,0.002803185558624186,long_tail_exposure_proxy_only,
ml-1m,bm25,u2i,flatpq,long_tail_uplift,10,,,-0.004342517960990109,long_tail_exposure_proxy_only,
ml-1m,bm25,u2i,flatpq,gini_exposure,10,,,0.958845427252764,long_tail_exposure_proxy_only,
ml-1m,bm25,u2i,flatpq,gini_exposure,100,,,0.8730057321554453,long_tail_exposure_proxy_only,
ml-1m,bm25,u2i,flatpq,coverage,10,,,0.37192187942258703,long_tail_exposure_proxy_only,
ml-1m,bm25,u2i,flatpq,coverage,100,,,0.8112086045853383,long_tail_exposure_proxy_only,
ml-1m,bm25,u2i,flatpq,exposure_share_decile,10,0.0,,0.00039754845121749214,long_tail_exposure_proxy_only,
ml-1m,bm25,u2i,flatpq,exposure_share_decile,10,1.0,,0.0005797581580255093,long_tail_exposure_proxy_only,
ml-1m,bm25,u2i,flatpq,exposure_share_decile,10,2.0,,0.001656451880072884,long_tail_exposure_proxy_only,
ml-1m,bm25,u2i,flatpq,exposure_share_decile,10,3.0,,0.0023355971509027664,long_tail_exposure_proxy_only,
ml-1m,bm25,u2i,flatpq,exposure_share_decile,10,4.0,,0.004356468444591684,long_tail_exposure_proxy_only,
ml-1m,bm25,u2i,flatpq,exposure_share_decile,10,5.0,,0.009657114460824913,long_tail_exposure_proxy_only,
ml-1m,bm25,u2i,flatpq,exposure_share_decile,10,6.0,,0.0124068245817459,long_tail_exposure_proxy_only,
ml-1m,bm25,u2i,flatpq,exposure_share_decile,10,7.0,,0.01886698691403015,long_tail_exposure_proxy_only,
ml-1m,bm25,u2i,flatpq,exposure_share_decile,10,8.0,,0.042835845618684774,long_tail_exposure_proxy_only,
ml-1m,bm25,u2i,flatpq,exposure_share_decile,10,9.0,,0.9069074043399039,long_tail_exposure_proxy_only,
ml-1m,bm25,u2i,flatpq,exposure_share_group,10,,head,0.9069074043399039,long_tail_exposure_proxy_only,
ml-1m,bm25,u2i,flatpq,exposure_share_group,10,,mid,0.09201590193804872,long_tail_exposure_proxy_only,
ml-1m,bm25,u2i,flatpq,exposure_share_group,10,,tail,0.0010766937220473745,long_tail_exposure_proxy_only,
ml-1m,bm25,u2i,flatpq,user_popularity_calibration_error,10,,,0.6430747069715227,popularity_calibration_proxy,mean |log1p(rec pop) - log1p(hist pop)| per user
ml-1m,bm25,u2i,hnsw,long_tail_exposure,10,,,0.0007454033460327977,long_tail_exposure_proxy_only,
ml-1m,bm25,u2i,hnsw,long_tail_exposure,100,,,0.001956966618888622,long_tail_exposure_proxy_only,
ml-1m,bm25,u2i,hnsw,long_tail_uplift,10,,,-0.004756630931008331,long_tail_exposure_proxy_only,
ml-1m,bm25,u2i,hnsw,gini_exposure,10,,,0.9462235546144562,long_tail_exposure_proxy_only,
ml-1m,bm25,u2i,hnsw,gini_exposure,100,,,0.8625873361218337,long_tail_exposure_proxy_only,
ml-1m,bm25,u2i,hnsw,coverage,10,,,0.40928389470704785,long_tail_exposure_proxy_only,
ml-1m,bm25,u2i,hnsw,coverage,100,,,0.8095103311633173,long_tail_exposure_proxy_only,
ml-1m,bm25,u2i,hnsw,exposure_share_decile,10,0.0,,0.00026503230081166145,long_tail_exposure_proxy_only,
ml-1m,bm25,u2i,hnsw,exposure_share_decile,10,1.0,,0.0003478548948153056,long_tail_exposure_proxy_only,
ml-1m,bm25,u2i,hnsw,exposure_share_decile,10,2.0,,0.0007454033460327977,long_tail_exposure_proxy_only,
ml-1m,bm25,u2i,hnsw,exposure_share_decile,10,3.0,,0.0019049196620838165,long_tail_exposure_proxy_only,
ml-1m,bm25,u2i,hnsw,exposure_share_decile,10,4.0,,0.003842968361769091,long_tail_exposure_proxy_only,
ml-1m,bm25,u2i,hnsw,exposure_share_decile,10,5.0,,0.008100049693556401,long_tail_exposure_proxy_only,
ml-1m,bm25,u2i,hnsw,exposure_share_decile,10,6.0,,0.013781679642206394,long_tail_exposure_proxy_only,
ml-1m,bm25,u2i,hnsw,exposure_share_decile,10,7.0,,0.021931422892164983,long_tail_exposure_proxy_only,
ml-1m,bm25,u2i,hnsw,exposure_share_decile,10,8.0,,0.051697863177074706,long_tail_exposure_proxy_only,
ml-1m,bm25,u2i,hnsw,exposure_share_decile,10,9.0,,0.8973828060294848,long_tail_exposure_proxy_only,
ml-1m,bm25,u2i,hnsw,exposure_share_group,10,,head,0.8973828060294848,long_tail_exposure_proxy_only,
ml-1m,bm25,u2i,hnsw,exposure_share_group,10,,mid,0.1018883551432831,long_tail_exposure_proxy_only,
ml-1m,bm25,u2i,hnsw,exposure_share_group,10,,tail,0.0007288388272320689,long_tail_exposure_proxy_only,
ml-1m,bm25,u2i,hnsw,user_popularity_calibration_error,10,,,0.6240576293368966,popularity_calibration_proxy,mean |log1p(rec pop) - log1p(hist pop)| per user
ml-1m,bm25,u2i,ivfflat,long_tail_exposure,10,,,0.0007454033460327977,long_tail_exposure_proxy_only,
ml-1m,bm25,u2i,ivfflat,long_tail_exposure,100,,,0.0018758088597170047,long_tail_exposure_proxy_only,
ml-1m,bm25,u2i,ivfflat,long_tail_uplift,10,,,-0.004756630931008331,long_tail_exposure_proxy_only,
ml-1m,bm25,u2i,ivfflat,gini_exposure,10,,,0.9463203817987961,long_tail_exposure_proxy_only,
ml-1m,bm25,u2i,ivfflat,gini_exposure,100,,,0.8645178027773758,long_tail_exposure_proxy_only,
ml-1m,bm25,u2i,ivfflat,coverage,10,,,0.40871780356637416,long_tail_exposure_proxy_only,
ml-1m,bm25,u2i,ivfflat,coverage,100,,,0.8038494197565809,long_tail_exposure_proxy_only,
ml-1m,bm25,u2i,ivfflat,exposure_share_decile,10,0.0,,0.00026503230081166145,long_tail_exposure_proxy_only,
ml-1m,bm25,u2i,ivfflat,exposure_share_decile,10,1.0,,0.0003478548948153056,long_tail_exposure_proxy_only,
ml-1m,bm25,u2i,ivfflat,exposure_share_decile,10,2.0,,0.0007288388272320689,long_tail_exposure_proxy_only,
ml-1m,bm25,u2i,ivfflat,exposure_share_decile,10,3.0,,0.0018883551432830876,long_tail_exposure_proxy_only,
ml-1m,bm25,u2i,ivfflat,exposure_share_decile,10,4.0,,0.003842968361769091,long_tail_exposure_proxy_only,
ml-1m,bm25,u2i,ivfflat,exposure_share_decile,10,5.0,,0.008100049693556401,long_tail_exposure_proxy_only,
ml-1m,bm25,u2i,ivfflat,exposure_share_decile,10,6.0,,0.013715421567003479,long_tail_exposure_proxy_only,
ml-1m,bm25,u2i,ivfflat,exposure_share_decile,10,7.0,,0.022047374523770084,long_tail_exposure_proxy_only,
ml-1m,bm25,u2i,ivfflat,exposure_share_decile,10,8.0,,0.051598476064270336,long_tail_exposure_proxy_only,
ml-1m,bm25,u2i,ivfflat,exposure_share_decile,10,9.0,,0.8974656286234884,long_tail_exposure_proxy_only,
ml-1m,bm25,u2i,ivfflat,exposure_share_group,10,,head,0.8974656286234884,long_tail_exposure_proxy_only,
ml-1m,bm25,u2i,ivfflat,exposure_share_group,10,,mid,0.10180553254927949,long_tail_exposure_proxy_only,
ml-1m,bm25,u2i,ivfflat,exposure_share_group,10,,tail,0.0007288388272320689,long_tail_exposure_proxy_only,
ml-1m,bm25,u2i,ivfflat,user_popularity_calibration_error,10,,,0.6242313880996817,popularity_calibration_proxy,mean |log1p(rec pop) - log1p(hist pop)| per user
ml-1m,bm25,u2i,ivfpq,long_tail_exposure,10,,,0.0009938711280437303,long_tail_exposure_proxy_only,
ml-1m,bm25,u2i,ivfpq,long_tail_exposure,100,,,0.0028612801039140058,long_tail_exposure_proxy_only,
ml-1m,bm25,u2i,ivfpq,long_tail_uplift,10,,,-0.004508163148997398,long_tail_exposure_proxy_only,
ml-1m,bm25,u2i,ivfpq,gini_exposure,10,,,0.9491956315617801,long_tail_exposure_proxy_only,
ml-1m,bm25,u2i,ivfpq,gini_exposure,100,,,0.8632881351046245,long_tail_exposure_proxy_only,
ml-1m,bm25,u2i,ivfpq,coverage,10,,,0.4030568921596377,long_tail_exposure_proxy_only,
ml-1m,bm25,u2i,ivfpq,coverage,100,,,0.8386640249080102,long_tail_exposure_proxy_only,
ml-1m,bm25,u2i,ivfpq,exposure_share_decile,10,0.0,,0.00031472585721384794,long_tail_exposure_proxy_only,
ml-1m,bm25,u2i,ivfpq,exposure_share_decile,10,1.0,,0.0005466291204240517,long_tail_exposure_proxy_only,
ml-1m,bm25,u2i,ivfpq,exposure_share_decile,10,2.0,,0.0011263872784495611,long_tail_exposure_proxy_only,
ml-1m,bm25,u2i,ivfpq,exposure_share_decile,10,3.0,,0.001954613218486003,long_tail_exposure_proxy_only,
ml-1m,bm25,u2i,ivfpq,exposure_share_decile,10,4.0,,0.004008613549776379,long_tail_exposure_proxy_only,
ml-1m,bm25,u2i,ivfpq,exposure_share_decile,10,5.0,,0.007056485009110485,long_tail_exposure_proxy_only,
ml-1m,bm25,u2i,ivfpq,exposure_share_decile,10,6.0,,0.014643034619844293,long_tail_exposure_proxy_only,
ml-1m,bm25,u2i,ivfpq,exposure_share_decile,10,7.0,,0.025078681464303462,long_tail_exposure_proxy_only,
ml-1m,bm25,u2i,ivfpq,exposure_share_decile,10,8.0,,0.060725525923471926,long_tail_exposure_proxy_only,
ml-1m,bm25,u2i,ivfpq,exposure_share_decile,10,9.0,,0.88454530395892,long_tail_exposure_proxy_only,
ml-1m,bm25,u2i,ivfpq,exposure_share_group,10,,head,0.88454530395892,long_tail_exposure_proxy_only,
ml-1m,bm25,u2i,ivfpq,exposure_share_group,10,,mid,0.11449395395063777,long_tail_exposure_proxy_only,
ml-1m,bm25,u2i,ivfpq,exposure_share_group,10,,tail,0.0009607420904422727,long_tail_exposure_proxy_only,
ml-1m,bm25,u2i,ivfpq,user_popularity_calibration_error,10,,,0.5748892392556514,popularity_calibration_proxy,mean |log1p(rec pop) - log1p(hist pop)| per user
ml-20m,bm25,i2i,flat,long_tail_exposure,10,,,0.00289,long_tail_exposure_proxy_only,
ml-20m,bm25,i2i,flat,long_tail_exposure,100,,,0.007671,long_tail_exposure_proxy_only,
ml-20m,bm25,i2i,flat,long_tail_uplift,10,,,0.0022946768941484335,long_tail_exposure_proxy_only,
ml-20m,bm25,i2i,flat,gini_exposure,10,,,0.8863981812620171,long_tail_exposure_proxy_only,
ml-20m,bm25,i2i,flat,gini_exposure,100,,,0.7984963987939172,long_tail_exposure_proxy_only,
ml-20m,bm25,i2i,flat,coverage,10,,,0.34928334207306416,long_tail_exposure_proxy_only,
ml-20m,bm25,i2i,flat,coverage,100,,,0.6581017304667016,long_tail_exposure_proxy_only,
ml-20m,bm25,i2i,flat,exposure_share_decile,10,0.0,,0.00014,long_tail_exposure_proxy_only,
ml-20m,bm25,i2i,flat,exposure_share_decile,10,1.0,,0.00205,long_tail_exposure_proxy_only,
ml-20m,bm25,i2i,flat,exposure_share_decile,10,2.0,,0.00128,long_tail_exposure_proxy_only,
ml-20m,bm25,i2i,flat,exposure_share_decile,10,3.0,,0.00207,long_tail_exposure_proxy_only,
ml-20m,bm25,i2i,flat,exposure_share_decile,10,4.0,,0.00196,long_tail_exposure_proxy_only,
ml-20m,bm25,i2i,flat,exposure_share_decile,10,5.0,,0.00685,long_tail_exposure_proxy_only,
ml-20m,bm25,i2i,flat,exposure_share_decile,10,6.0,,0.02707,long_tail_exposure_proxy_only,
ml-20m,bm25,i2i,flat,exposure_share_decile,10,7.0,,0.08003,long_tail_exposure_proxy_only,
ml-20m,bm25,i2i,flat,exposure_share_decile,10,8.0,,0.18569,long_tail_exposure_proxy_only,
ml-20m,bm25,i2i,flat,exposure_share_decile,10,9.0,,0.69286,long_tail_exposure_proxy_only,
ml-20m,bm25,i2i,flat,exposure_share_group,10,,head,0.69331,long_tail_exposure_proxy_only,
ml-20m,bm25,i2i,flat,exposure_share_group,10,,mid,0.30425,long_tail_exposure_proxy_only,
ml-20m,bm25,i2i,flat,exposure_share_group,10,,tail,0.00244,long_tail_exposure_proxy_only,
ml-20m,bm25,i2i,flat,user_popularity_calibration_error,10,,,1.493639262158333,popularity_calibration_proxy,mean |log1p(rec pop) - log1p(hist pop)| per user
ml-20m,bm25,i2i,flatpq,long_tail_exposure,10,,,0.00399,long_tail_exposure_proxy_only,
ml-20m,bm25,i2i,flatpq,long_tail_exposure,100,,,0.010558,long_tail_exposure_proxy_only,
ml-20m,bm25,i2i,flatpq,long_tail_uplift,10,,,0.003394676894148433,long_tail_exposure_proxy_only,
ml-20m,bm25,i2i,flatpq,gini_exposure,10,,,0.88761114577871,long_tail_exposure_proxy_only,
ml-20m,bm25,i2i,flatpq,gini_exposure,100,,,0.7969129474742178,long_tail_exposure_proxy_only,
ml-20m,bm25,i2i,flatpq,coverage,10,,,0.3499825205383674,long_tail_exposure_proxy_only,
ml-20m,bm25,i2i,flatpq,coverage,100,,,0.6803443453941619,long_tail_exposure_proxy_only,
ml-20m,bm25,i2i,flatpq,exposure_share_decile,10,0.0,,0.00015,long_tail_exposure_proxy_only,
ml-20m,bm25,i2i,flatpq,exposure_share_decile,10,1.0,,0.00286,long_tail_exposure_proxy_only,
ml-20m,bm25,i2i,flatpq,exposure_share_decile,10,2.0,,0.00185,long_tail_exposure_proxy_only,
ml-20m,bm25,i2i,flatpq,exposure_share_decile,10,3.0,,0.00244,long_tail_exposure_proxy_only,
ml-20m,bm25,i2i,flatpq,exposure_share_decile,10,4.0,,0.00251,long_tail_exposure_proxy_only,
ml-20m,bm25,i2i,flatpq,exposure_share_decile,10,5.0,,0.00792,long_tail_exposure_proxy_only,
ml-20m,bm25,i2i,flatpq,exposure_share_decile,10,6.0,,0.02899,long_tail_exposure_proxy_only,
ml-20m,bm25,i2i,flatpq,exposure_share_decile,10,7.0,,0.08139,long_tail_exposure_proxy_only,
ml-20m,bm25,i2i,flatpq,exposure_share_decile,10,8.0,,0.18435,long_tail_exposure_proxy_only,
ml-20m,bm25,i2i,flatpq,exposure_share_decile,10,9.0,,0.68754,long_tail_exposure_proxy_only,
ml-20m,bm25,i2i,flatpq,exposure_share_group,10,,head,0.68813,long_tail_exposure_proxy_only,
ml-20m,bm25,i2i,flatpq,exposure_share_group,10,,mid,0.30841999999999997,long_tail_exposure_proxy_only,
ml-20m,bm25,i2i,flatpq,exposure_share_group,10,,tail,0.00345,long_tail_exposure_proxy_only,
ml-20m,bm25,i2i,flatpq,user_popularity_calibration_error,10,,,1.502251583242159,popularity_calibration_proxy,mean |log1p(rec pop) - log1p(hist pop)| per user
ml-20m,bm25,i2i,hnsw,long_tail_exposure,10,,,0.00291,long_tail_exposure_proxy_only,
ml-20m,bm25,i2i,hnsw,long_tail_exposure,100,,,0.007564,long_tail_exposure_proxy_only,
ml-20m,bm25,i2i,hnsw,long_tail_uplift,10,,,0.002314676894148433,long_tail_exposure_proxy_only,
ml-20m,bm25,i2i,hnsw,gini_exposure,10,,,0.8864598959972033,long_tail_exposure_proxy_only,
ml-20m,bm25,i2i,hnsw,gini_exposure,100,,,0.8002815804055234,long_tail_exposure_proxy_only,
ml-20m,bm25,i2i,hnsw,coverage,10,,,0.3491085474567383,long_tail_exposure_proxy_only,
ml-20m,bm25,i2i,hnsw,coverage,100,,,0.6522024121657053,long_tail_exposure_proxy_only,
ml-20m,bm25,i2i,hnsw,exposure_share_decile,10,0.0,,0.00014,long_tail_exposure_proxy_only,
ml-20m,bm25,i2i,hnsw,exposure_share_decile,10,1.0,,0.00206,long_tail_exposure_proxy_only,
ml-20m,bm25,i2i,hnsw,exposure_share_decile,10,2.0,,0.00122,long_tail_exposure_proxy_only,
ml-20m,bm25,i2i,hnsw,exposure_share_decile,10,3.0,,0.00199,long_tail_exposure_proxy_only,
ml-20m,bm25,i2i,hnsw,exposure_share_decile,10,4.0,,0.00192,long_tail_exposure_proxy_only,
ml-20m,bm25,i2i,hnsw,exposure_share_decile,10,5.0,,0.00688,long_tail_exposure_proxy_only,
ml-20m,bm25,i2i,hnsw,exposure_share_decile,10,6.0,,0.02706,long_tail_exposure_proxy_only,
ml-20m,bm25,i2i,hnsw,exposure_share_decile,10,7.0,,0.08003,long_tail_exposure_proxy_only,
ml-20m,bm25,i2i,hnsw,exposure_share_decile,10,8.0,,0.1857,long_tail_exposure_proxy_only,
ml-20m,bm25,i2i,hnsw,exposure_share_decile,10,9.0,,0.693,long_tail_exposure_proxy_only,
ml-20m,bm25,i2i,hnsw,exposure_share_group,10,,head,0.69345,long_tail_exposure_proxy_only,
ml-20m,bm25,i2i,hnsw,exposure_share_group,10,,mid,0.30408999999999997,long_tail_exposure_proxy_only,
ml-20m,bm25,i2i,hnsw,exposure_share_group,10,,tail,0.00246,long_tail_exposure_proxy_only,
ml-20m,bm25,i2i,hnsw,user_popularity_calibration_error,10,,,1.4930886551406308,popularity_calibration_proxy,mean |log1p(rec pop) - log1p(hist pop)| per user
ml-20m,bm25,i2i,ivfflat,long_tail_exposure,10,,,0.00287,long_tail_exposure_proxy_only,
ml-20m,bm25,i2i,ivfflat,long_tail_exposure,100,,,0.006935,long_tail_exposure_proxy_only,
ml-20m,bm25,i2i,ivfflat,long_tail_uplift,10,,,0.0022746768941484335,long_tail_exposure_proxy_only,
ml-20m,bm25,i2i,ivfflat,gini_exposure,10,,,0.8869432555497291,long_tail_exposure_proxy_only,
ml-20m,bm25,i2i,ivfflat,gini_exposure,100,,,0.8024275419507079,long_tail_exposure_proxy_only,
ml-20m,bm25,i2i,ivfflat,coverage,10,,,0.34840936899143504,long_tail_exposure_proxy_only,
ml-20m,bm25,i2i,ivfflat,coverage,100,,,0.6527704946687642,long_tail_exposure_proxy_only,
ml-20m,bm25,i2i,ivfflat,exposure_share_decile,10,0.0,,0.00014,long_tail_exposure_proxy_only,
ml-20m,bm25,i2i,ivfflat,exposure_share_decile,10,1.0,,0.00192,long_tail_exposure_proxy_only,
ml-20m,bm25,i2i,ivfflat,exposure_share_decile,10,2.0,,0.0012,long_tail_exposure_proxy_only,
ml-20m,bm25,i2i,ivfflat,exposure_share_decile,10,3.0,,0.00174,long_tail_exposure_proxy_only,
ml-20m,bm25,i2i,ivfflat,exposure_share_decile,10,4.0,,0.00177,long_tail_exposure_proxy_only,
ml-20m,bm25,i2i,ivfflat,exposure_share_decile,10,5.0,,0.00683,long_tail_exposure_proxy_only,
ml-20m,bm25,i2i,ivfflat,exposure_share_decile,10,6.0,,0.02719,long_tail_exposure_proxy_only,
ml-20m,bm25,i2i,ivfflat,exposure_share_decile,10,7.0,,0.08077,long_tail_exposure_proxy_only,
ml-20m,bm25,i2i,ivfflat,exposure_share_decile,10,8.0,,0.18466,long_tail_exposure_proxy_only,
ml-20m,bm25,i2i,ivfflat,exposure_share_decile,10,9.0,,0.69378,long_tail_exposure_proxy_only,
ml-20m,bm25,i2i,ivfflat,exposure_share_group,10,,head,0.69423,long_tail_exposure_proxy_only,
ml-20m,bm25,i2i,ivfflat,exposure_share_group,10,,mid,0.30341999999999997,long_tail_exposure_proxy_only,
ml-20m,bm25,i2i,ivfflat,exposure_share_group,10,,tail,0.00235,long_tail_exposure_proxy_only,
ml-20m,bm25,i2i,ivfflat,user_popularity_calibration_error,10,,,1.4911784926750875,popularity_calibration_proxy,mean |log1p(rec pop) - log1p(hist pop)| per user
ml-20m,bm25,i2i,ivfpq,long_tail_exposure,10,,,0.00378,long_tail_exposure_proxy_only,
ml-20m,bm25,i2i,ivfpq,long_tail_exposure,100,,,0.01021,long_tail_exposure_proxy_only,
ml-20m,bm25,i2i,ivfpq,long_tail_uplift,10,,,0.0031846768941484332,long_tail_exposure_proxy_only,
ml-20m,bm25,i2i,ivfpq,gini_exposure,10,,,0.8871067610557595,long_tail_exposure_proxy_only,
ml-20m,bm25,i2i,ivfpq,gini_exposure,100,,,0.7975162947911204,long_tail_exposure_proxy_only,
ml-20m,bm25,i2i,ivfpq,coverage,10,,,0.3514245761230554,long_tail_exposure_proxy_only,
ml-20m,bm25,i2i,ivfpq,coverage,100,,,0.6806065373186506,long_tail_exposure_proxy_only,
ml-20m,bm25,i2i,ivfpq,exposure_share_decile,10,0.0,,0.00018,long_tail_exposure_proxy_only,
ml-20m,bm25,i2i,ivfpq,exposure_share_decile,10,1.0,,0.00255,long_tail_exposure_proxy_only,
ml-20m,bm25,i2i,ivfpq,exposure_share_decile,10,2.0,,0.00161,long_tail_exposure_proxy_only,
ml-20m,bm25,i2i,ivfpq,exposure_share_decile,10,3.0,,0.00193,long_tail_exposure_proxy_only,
ml-20m,bm25,i2i,ivfpq,exposure_share_decile,10,4.0,,0.00215,long_tail_exposure_proxy_only,
ml-20m,bm25,i2i,ivfpq,exposure_share_decile,10,5.0,,0.0072,long_tail_exposure_proxy_only,
ml-20m,bm25,i2i,ivfpq,exposure_share_decile,10,6.0,,0.02828,long_tail_exposure_proxy_only,
ml-20m,bm25,i2i,ivfpq,exposure_share_decile,10,7.0,,0.07828,long_tail_exposure_proxy_only,
ml-20m,bm25,i2i,ivfpq,exposure_share_decile,10,8.0,,0.17835,long_tail_exposure_proxy_only,
ml-20m,bm25,i2i,ivfpq,exposure_share_decile,10,9.0,,0.69947,long_tail_exposure_proxy_only,
ml-20m,bm25,i2i,ivfpq,exposure_share_group,10,,head,0.69981,long_tail_exposure_proxy_only,
ml-20m,bm25,i2i,ivfpq,exposure_share_group,10,,mid,0.29695999999999995,long_tail_exposure_proxy_only,
ml-20m,bm25,i2i,ivfpq,exposure_share_group,10,,tail,0.00323,long_tail_exposure_proxy_only,
ml-20m,bm25,i2i,ivfpq,user_popularity_calibration_error,10,,,1.4751111604459457,popularity_calibration_proxy,mean |log1p(rec pop) - log1p(hist pop)| per user
ml-20m,bm25,u2i,flat,long_tail_exposure,10,,,2e-05,long_tail_exposure_proxy_only,
ml-20m,bm25,u2i,flat,long_tail_exposure,100,,,0.000149,long_tail_exposure_proxy_only,
ml-20m,bm25,u2i,flat,long_tail_uplift,10,,,-0.0005753231058515666,long_tail_exposure_proxy_only,
ml-20m,bm25,u2i,flat,gini_exposure,10,,,0.9652551695507778,long_tail_exposure_proxy_only,
ml-20m,bm25,u2i,flat,gini_exposure,100,,,0.9206696128299248,long_tail_exposure_proxy_only,
ml-20m,bm25,u2i,flat,coverage,10,,,0.20673833245936024,long_tail_exposure_proxy_only,
ml-20m,bm25,u2i,flat,coverage,100,,,0.458442579968537,long_tail_exposure_proxy_only,
ml-20m,bm25,u2i,flat,exposure_share_decile,10,0.0,,0.0,long_tail_exposure_proxy_only,
ml-20m,bm25,u2i,flat,exposure_share_decile,10,1.0,,1e-05,long_tail_exposure_proxy_only,
ml-20m,bm25,u2i,flat,exposure_share_decile,10,2.0,,2e-05,long_tail_exposure_proxy_only,
ml-20m,bm25,u2i,flat,exposure_share_decile,10,3.0,,4e-05,long_tail_exposure_proxy_only,
ml-20m,bm25,u2i,flat,exposure_share_decile,10,4.0,,0.00012,long_tail_exposure_proxy_only,
ml-20m,bm25,u2i,flat,exposure_share_decile,10,5.0,,0.00079,long_tail_exposure_proxy_only,
ml-20m,bm25,u2i,flat,exposure_share_decile,10,6.0,,0.00478,long_tail_exposure_proxy_only,
ml-20m,bm25,u2i,flat,exposure_share_decile,10,7.0,,0.0242,long_tail_exposure_proxy_only,
ml-20m,bm25,u2i,flat,exposure_share_decile,10,8.0,,0.09256,long_tail_exposure_proxy_only,
ml-20m,bm25,u2i,flat,exposure_share_decile,10,9.0,,0.87748,long_tail_exposure_proxy_only,
ml-20m,bm25,u2i,flat,exposure_share_group,10,,head,0.87767,long_tail_exposure_proxy_only,
ml-20m,bm25,u2i,flat,exposure_share_group,10,,mid,0.12232000000000005,long_tail_exposure_proxy_only,
ml-20m,bm25,u2i,flat,exposure_share_group,10,,tail,1e-05,long_tail_exposure_proxy_only,
ml-20m,bm25,u2i,flat,user_popularity_calibration_error,10,,,0.6155166496996615,popularity_calibration_proxy,mean |log1p(rec pop) - log1p(hist pop)| per user
ml-20m,bm25,u2i,flatpq,long_tail_exposure,10,,,7e-05,long_tail_exposure_proxy_only,
ml-20m,bm25,u2i,flatpq,long_tail_exposure,100,,,0.00045,long_tail_exposure_proxy_only,
ml-20m,bm25,u2i,flatpq,long_tail_uplift,10,,,-0.0005253231058515667,long_tail_exposure_proxy_only,
ml-20m,bm25,u2i,flatpq,gini_exposure,10,,,0.9779685090019228,long_tail_exposure_proxy_only,
ml-20m,bm25,u2i,flatpq,gini_exposure,100,,,0.935245256948086,long_tail_exposure_proxy_only,
ml-20m,bm25,u2i,flatpq,coverage,10,,,0.16810872225135465,long_tail_exposure_proxy_only,
ml-20m,bm25,u2i,flatpq,coverage,100,,,0.45271805628386647,long_tail_exposure_proxy_only,
ml-20m,bm25,u2i,flatpq,exposure_share_decile,10,0.0,,2e-05,long_tail_exposure_proxy_only,
ml-20m,bm25,u2i,flatpq,exposure_share_decile,10,1.0,,3e-05,long_tail_exposure_proxy_only,
ml-20m,bm25,u2i,flatpq,exposure_share_decile,10,2.0,,2e-05,long_tail_exposure_proxy_only,
ml-20m,bm25,u2i,flatpq,exposure_share_decile,10,3.0,,9e-05,long_tail_exposure_proxy_only,
ml-20m,bm25,u2i,flatpq,exposure_share_decile,10,4.0,,0.0006,long_tail_exposure_proxy_only,
ml-20m,bm25,u2i,flatpq,exposure_share_decile,10,5.0,,0.00156,long_tail_exposure_proxy_only,
ml-20m,bm25,u2i,flatpq,exposure_share_decile,10,6.0,,0.00653,long_tail_exposure_proxy_only,
ml-20m,bm25,u2i,flatpq,exposure_share_decile,10,7.0,,0.02399,long_tail_exposure_proxy_only,
ml-20m,bm25,u2i,flatpq,exposure_share_decile,10,8.0,,0.08316,long_tail_exposure_proxy_only,
ml-20m,bm25,u2i,flatpq,exposure_share_decile,10,9.0,,0.884,long_tail_exposure_proxy_only,
ml-20m,bm25,u2i,flatpq,exposure_share_group,10,,head,0.8842,long_tail_exposure_proxy_only,
ml-20m,bm25,u2i,flatpq,exposure_share_group,10,,mid,0.11575000000000002,long_tail_exposure_proxy_only,
ml-20m,bm25,u2i,flatpq,exposure_share_group,10,,tail,5e-05,long_tail_exposure_proxy_only,
ml-20m,bm25,u2i,flatpq,user_popularity_calibration_error,10,,,0.5991698821728725,popularity_calibration_proxy,mean |log1p(rec pop) - log1p(hist pop)| per user
ml-20m,bm25,u2i,hnsw,long_tail_exposure,10,,,2e-05,long_tail_exposure_proxy_only,
ml-20m,bm25,u2i,hnsw,long_tail_exposure,100,,,0.00016900287304884182,long_tail_exposure_proxy_only,
ml-20m,bm25,u2i,hnsw,long_tail_uplift,10,,,-0.0005753231058515666,long_tail_exposure_proxy_only,
ml-20m,bm25,u2i,hnsw,gini_exposure,10,,,0.96524357629785,long_tail_exposure_proxy_only,
ml-20m,bm25,u2i,hnsw,gini_exposure,100,,,0.9203115092617473,long_tail_exposure_proxy_only,
ml-20m,bm25,u2i,hnsw,coverage,10,,,0.20673833245936024,long_tail_exposure_proxy_only,
ml-20m,bm25,u2i,hnsw,coverage,100,,,0.4631183359552526,long_tail_exposure_proxy_only,
ml-20m,bm25,u2i,hnsw,exposure_share_decile,10,0.0,,0.0,long_tail_exposure_proxy_only,
ml-20m,bm25,u2i,hnsw,exposure_share_decile,10,1.0,,1e-05,long_tail_exposure_proxy_only,
ml-20m,bm25,u2i,hnsw,exposure_share_decile,10,2.0,,2e-05,long_tail_exposure_proxy_only,
ml-20m,bm25,u2i,hnsw,exposure_share_decile,10,3.0,,4e-05,long_tail_exposure_proxy_only,
ml-20m,bm25,u2i,hnsw,exposure_share_decile,10,4.0,,0.00012,long_tail_exposure_proxy_only,
ml-20m,bm25,u2i,hnsw,exposure_share_decile,10,5.0,,0.00078,long_tail_exposure_proxy_only,
ml-20m,bm25,u2i,hnsw,exposure_share_decile,10,6.0,,0.00467,long_tail_exposure_proxy_only,
ml-20m,bm25,u2i,hnsw,exposure_share_decile,10,7.0,,0.02421,long_tail_exposure_proxy_only,
ml-20m,bm25,u2i,hnsw,exposure_share_decile,10,8.0,,0.09244,long_tail_exposure_proxy_only,
ml-20m,bm25,u2i,hnsw,exposure_share_decile,10,9.0,,0.87771,long_tail_exposure_proxy_only,
ml-20m,bm25,u2i,hnsw,exposure_share_group,10,,head,0.8779,long_tail_exposure_proxy_only,
ml-20m,bm25,u2i,hnsw,exposure_share_group,10,,mid,0.12208999999999999,long_tail_exposure_proxy_only,
ml-20m,bm25,u2i,hnsw,exposure_share_group,10,,tail,1e-05,long_tail_exposure_proxy_only,
ml-20m,bm25,u2i,hnsw,user_popularity_calibration_error,10,,,0.6157407095098277,popularity_calibration_proxy,mean |log1p(rec pop) - log1p(hist pop)| per user
ml-20m,bm25,u2i,ivfflat,long_tail_exposure,10,,,1e-05,long_tail_exposure_proxy_only,
ml-20m,bm25,u2i,ivfflat,long_tail_exposure,100,,,0.000143,long_tail_exposure_proxy_only,
ml-20m,bm25,u2i,ivfflat,long_tail_uplift,10,,,-0.0005853231058515667,long_tail_exposure_proxy_only,
ml-20m,bm25,u2i,ivfflat,gini_exposure,10,,,0.9657503548330711,long_tail_exposure_proxy_only,
ml-20m,bm25,u2i,ivfflat,gini_exposure,100,,,0.9244775172172697,long_tail_exposure_proxy_only,
ml-20m,bm25,u2i,ivfflat,coverage,10,,,0.20651983918895297,long_tail_exposure_proxy_only,
ml-20m,bm25,u2i,ivfflat,coverage,100,,,0.46123929382975004,long_tail_exposure_proxy_only,
ml-20m,bm25,u2i,ivfflat,exposure_share_decile,10,0.0,,0.0,long_tail_exposure_proxy_only,
ml-20m,bm25,u2i,ivfflat,exposure_share_decile,10,1.0,,1e-05,long_tail_exposure_proxy_only,
ml-20m,bm25,u2i,ivfflat,exposure_share_decile,10,2.0,,1e-05,long_tail_exposure_proxy_only,
ml-20m,bm25,u2i,ivfflat,exposure_share_decile,10,3.0,,4e-05,long_tail_exposure_proxy_only,
ml-20m,bm25,u2i,ivfflat,exposure_share_decile,10,4.0,,0.00013,long_tail_exposure_proxy_only,
ml-20m,bm25,u2i,ivfflat,exposure_share_decile,10,5.0,,0.00074,long_tail_exposure_proxy_only,
ml-20m,bm25,u2i,ivfflat,exposure_share_decile,10,6.0,,0.00503,long_tail_exposure_proxy_only,
ml-20m,bm25,u2i,ivfflat,exposure_share_decile,10,7.0,,0.02463,long_tail_exposure_proxy_only,
ml-20m,bm25,u2i,ivfflat,exposure_share_decile,10,8.0,,0.09047,long_tail_exposure_proxy_only,
ml-20m,bm25,u2i,ivfflat,exposure_share_decile,10,9.0,,0.87894,long_tail_exposure_proxy_only,
ml-20m,bm25,u2i,ivfflat,exposure_share_group,10,,head,0.87915,long_tail_exposure_proxy_only,
ml-20m,bm25,u2i,ivfflat,exposure_share_group,10,,mid,0.12084000000000002,long_tail_exposure_proxy_only,
ml-20m,bm25,u2i,ivfflat,exposure_share_group,10,,tail,1e-05,long_tail_exposure_proxy_only,
ml-20m,bm25,u2i,ivfflat,user_popularity_calibration_error,10,,,0.6100186859944721,popularity_calibration_proxy,mean |log1p(rec pop) - log1p(hist pop)| per user
ml-20m,bm25,u2i,ivfpq,long_tail_exposure,10,,,9e-05,long_tail_exposure_proxy_only,
ml-20m,bm25,u2i,ivfpq,long_tail_exposure,100,,,0.000559,long_tail_exposure_proxy_only,
ml-20m,bm25,u2i,ivfpq,long_tail_uplift,10,,,-0.0005053231058515667,long_tail_exposure_proxy_only,
ml-20m,bm25,u2i,ivfpq,gini_exposure,10,,,0.9733805602167453,long_tail_exposure_proxy_only,
ml-20m,bm25,u2i,ivfpq,gini_exposure,100,,,0.9351982926935851,long_tail_exposure_proxy_only,
ml-20m,bm25,u2i,ivfpq,coverage,10,,,0.18611256773291382,long_tail_exposure_proxy_only,
ml-20m,bm25,u2i,ivfpq,coverage,100,,,0.47220765600419506,long_tail_exposure_proxy_only,
ml-20m,bm25,u2i,ivfpq,exposure_share_decile,10,0.0,,2e-05,long_tail_exposure_proxy_only,
ml-20m,bm25,u2i,ivfpq,exposure_share_decile,10,1.0,,4e-05,long_tail_exposure_proxy_only,
ml-20m,bm25,u2i,ivfpq,exposure_share_decile,10,2.0,,8e-05,long_tail_exposure_proxy_only,
ml-20m,bm25,u2i,ivfpq,exposure_share_decile,10,3.0,,0.00014,long_tail_exposure_proxy_only,
ml-20m,bm25,u2i,ivfpq,exposure_share_decile,10,4.0,,0.00144,long_tail_exposure_proxy_only,
ml-20m,bm25,u2i,ivfpq,exposure_share_decile,10,5.0,,0.00199,long_tail_exposure_proxy_only,
ml-20m,bm25,u2i,ivfpq,exposure_share_decile,10,6.0,,0.00809,long_tail_exposure_proxy_only,
ml-20m,bm25,u2i,ivfpq,exposure_share_decile,10,7.0,,0.02104,long_tail_exposure_proxy_only,
ml-20m,bm25,u2i,ivfpq,exposure_share_decile,10,8.0,,0.07115,long_tail_exposure_proxy_only,
ml-20m,bm25,u2i,ivfpq,exposure_share_decile,10,9.0,,0.89601,long_tail_exposure_proxy_only,
ml-20m,bm25,u2i,ivfpq,exposure_share_group,10,,head,0.89611,long_tail_exposure_proxy_only,
ml-20m,bm25,u2i,ivfpq,exposure_share_group,10,,mid,0.10381000000000004,long_tail_exposure_proxy_only,
ml-20m,bm25,u2i,ivfpq,exposure_share_group,10,,tail,8e-05,long_tail_exposure_proxy_only,
ml-20m,bm25,u2i,ivfpq,user_popularity_calibration_error,10,,,0.5124939767494099,popularity_calibration_proxy,mean |log1p(rec pop) - log1p(hist pop)| per user
